,id,token0,token1,feeTier,totalValueLockedUSD,fees_usd_t90d,volume_usd_t90d,tvl_share,pool,fee_apr_plus10m
0,0x80a9ae39310abf666a87c743d6ebbd0e8c42158e,WETH,GMX,0.01,33880490.94995267,3058147.5817395365,305814758.17395365,0.3709711801077225,WETH/GMX - 1.0%,0.282642403180449
1,0xc31e54c7a869b9fcbecc14363cf510d1c41fa443,WETH,USDC,0.0005,9829001.855597533,1889816.578908017,3779633157.8160343,0.1076217113570813,WETH/USDC - 0.05%,0.3865174949997726
2,0x69d483e56638703ca1023a071ff471639e194edf,iUSD,USDT,0.0005,9322096.554405184,36.508951882380735,73017.90376476146,0.10207140046979325,iUSD/USDT - 0.05%,7.662940831353158e-06
3,0x17c14d2c404d167802b16c450d3c99f88f2c4f4d,WETH,USDC,0.003,7729324.546324929,1068139.4186176644,356046472.8725547,0.08463149641548366,WETH/USDC - 0.3%,0.2443352391662715
4,0x50450351517117cb58189edba6bbad6284d45902,USDs,USDC,0.0005,3808440.9289870844,26763.78852531812,53527577.05063625,0.04170015800195668,USDs/USDC - 0.05%,0.007860556582728563
5,0xd37af656abf91c7f548fffc0133175b5e4d3d5e6,DAI,USDC,0.0005,2388327.7287984514,6565.52345525104,13131046.910502078,0.02615076497401216,DAI/USDC - 0.05%,0.00214934942850888
6,0x13398e27a21be1218b6900cbedf677571df42a48,USDT,USDC,0.0005,2058915.702254221,33984.01911419135,67968038.2283827,0.022543899642299477,USDT/USDC - 0.05%,0.011429226384997526
7,0x1aeedd3727a6431b8f070c0afaa81cc74f273882,WETH,GMX,0.003,1986717.0550294355,252.06664561458783,84022.21520486262,0.021753367492020902,WETH/GMX - 0.3%,8.52835918541655e-05
8,0x5151c83ad4e1c8c4ea0d1eaf91c246a8c6dab2a4,USDD,USDC,0.0005,1940418.8106416957,19.979921759411365,39959.84351882273,0.021246429313857944,USDD/USDC - 0.05%,6.786167552073614e-06
9,0xad397a0472503b066ab4b311d66fa1f659f4cb61,TUSD,USDC,0.0005,1902760.391702356,9.554614916773494,19109.22983354699,0.020834092074248453,TUSD/USDC - 0.05%,3.255486150416637e-06
10,0x2039f8c9cd32ba9cd2ea7e575d5b1abea93f7527,GMX,USDC,0.01,1820828.8717387218,16611.923242145065,1661192.3242145062,0.01993699076913967,GMX/USDC - 1.0%,0.005699310794881201
11,0x149e36e72726e0bcea5c59d40df2c43f60f5a22d,WBTC,WETH,0.003,1550726.1742368666,426173.36057082657,142057786.8569422,0.016979527236791348,WBTC/WETH - 0.3%,0.1496329939798773
12,0x2b734ec7555cb49c755a9495a8d17cd2383926e0,UMAMI,WETH,0.01,1509855.8529305703,39576.3159159714,3957631.5915971403,0.016532021580843947,UMAMI/WETH - 1.0%,0.013944913814065969
13,0xa62ad78825e3a55a77823f00fe0050f567c1e4ee,WBTC,USDC,0.003,1035107.2474944938,3552.888056127537,1184296.018709179,0.011333807343828505,WBTC/USDC - 0.3%,0.001305735827584869
14,0xbed2589fefae17d62a8a4fdac92fa5895cae90d2,GMX,USDC,0.003,971449.3231074647,62501.563092320095,20833854.364106704,0.010636791017590843,GMX/USDC - 0.3%,0.02310347101509207
15,0xa961f0473da4864c5ed28e00fcc53a3aab056c1b,WETH,DAI,0.003,757687.2266559313,36505.59579988494,12168531.93329498,0.008296223482720546,WETH/DAI - 0.3%,0.01376229562505239
16,0xce3dc36cd501c00f643a09f2c8d9b69fb941bb74,WETH,MGN,0.01,600674.1104225172,43531.51181807195,4353151.181807195,0.00657702345378525,WETH/MGN - 1.0%,0.01665407904785381
17,0x78727cc9e4bcbbceb15e3c4b7155f997fa365ce1,USDR,USDC,0.0005,600038.8571252433,629.9506974902483,1259901.3949804965,0.006570067808847722,USDR/USDC - 0.05%,0.00024101798921381893
18,0x08687dd94b1e084808b549fb5594d6e3d3b7b948,WETH,DBL,0.003,575425.7156174597,1494.1156436718422,498038.54789061414,0.006300568580964969,WETH/DBL - 0.3%,0.0005729763663686247
19,0xe4d9faddd9bca5d8393bee915dc56e916ab94d27,agEUR,USDC,0.0005,499522.069760565,53.89505205325023,107790.10410650044,0.0054694689041744175,agEUR/USDC - 0.05%,2.081755496290883e-05
20,0x641c00a822e8b671738d32a431a4fb6074e5c79d,WETH,USDT,0.0005,473844.5200448451,105213.09396178104,210426187.92356208,0.0051883150408969835,WETH/USDT - 0.05%,0.040739343315367715
21,0x3be3ebc2c4c0e65d444d6254ae9b1486f0d801ee,CAP,WETH,0.003,459437.54716751695,11420.545512420545,3806848.504140182,0.00503056727573097,CAP/WETH - 0.3%,0.004428216774707457
22,0x7bb5e71fab18feba077b28355f20f5643ceece28,SPA,USDC,0.01,368436.1322347981,384704.8414196752,38470484.14196752,0.004034156027177017,SPA/USDC - 1.0%,0.1504751379061059
23,0xba80cede54bf09f8160f7d6ad4a9d6ae3a9852d9,CRV,WETH,0.01,341023.6820550603,5581.496080294314,558149.6080294314,0.0037340060379739922,CRV/WETH - 1.0%,0.002188958088939481
24,0xd392b1d4bdf7e16ceeb25ece50dcafa86245faa2,CNFI,WETH,0.003,321470.77221413987,1794.1594311766646,598053.1437255548,0.0035199133304940175,CNFI/WETH - 0.3%,0.0007049686434465403
25,0x468b88941e7cc0b88c1869d68ab6b570bcef62ff,WETH,LINK,0.003,285209.8940732845,41588.22548007382,13862741.826691274,0.0031228783295689727,WETH/LINK - 0.3%,0.016398630716189903
26,0xc24f7d8e51a64dc1238880bd00bb961d54cbeb29,WETH,UNI,0.003,255815.11185588985,59089.5189673865,19696506.322462168,0.002801022986200295,WETH/UNI - 0.3%,0.02336633649394293
27,0x2072f27823e5f46e44c699e814fa41aa5fea8087,WETH,NFTI,0.01,235301.4787406665,655.1506413657078,65515.06413657077,0.0025764109315434573,WETH/NFTI - 1.0%,0.00025959175006571417
28,0x7e7fb3cceca5f2ac952edf221fd2a9f62e411980,MAGIC,WETH,0.01,206516.6719692641,144560.19805080004,14456019.805080002,0.002261234455708628,MAGIC/WETH - 1.0%,0.05744094025018793
29,0x0e075f9f5496ae70e35e6ae25d13c990f1f092f0,WETH,TAC,0.003,180480.28775493192,262.74327044920557,87581.09014973519,0.001976151568568754,WETH/TAC - 0.3%,0.00010466794296893611
30,0x99c2ce89030d53556c8ee4b57a8c51fb93760237,MGN,USDC,0.01,170265.60299678944,14187.072357865616,1418707.2357865616,0.0018643068593302127,MGN/USDC - 1.0%,0.005657321289726864
31,0xc82819f72a9e77e2c0c3a69b3196478f44303cf4,WETH,USDT,0.003,165147.34797769418,68865.48973277144,22955163.24425715,0.0018082650178075858,WETH/USDT - 0.3%,0.027475038965112317
32,0xefd07239232e19d78e603122119637506aeb21a1,APEX,WETH,0.003,161959.12106281176,3409.0317387829377,1136343.912927646,0.0017733558335572084,APEX/WETH - 0.3%,0.0013605169478225951
33,0xb52781c275431bd48d290a4318e338fe0df89eb9,DPX,WETH,0.01,130830.062380612,21544.928375881776,2154492.8375881775,0.0014325111966823605,DPX/WETH - 1.0%,0.008624826734910357
34,0x54651ca452ad2d7e35babcff40760b7af0404213,KROM,WETH,0.003,117375.90335754621,14116.146439818667,4705382.146606222,0.0012851961752584856,KROM/WETH - 0.3%,0.005658464869141
35,0x2f5e87c9312fa29aed5c179e456625d79015299c,WBTC,WETH,0.0005,102192.75514741208,4353.413251562871,8706826.503125738,0.0011189497528679689,WBTC/WETH - 0.05%,0.0017476907960411751
36,0x6387b0d5853184645cc9a77d6db133355d2eb4e4,DAI,USDT,0.0005,89296.57124993662,7340.983153727618,14681966.307455236,0.0009777442264663698,DAI/USDT - 0.05%,0.0029508266311822208
37,0x4fd47e5102dfbf95541f64ed6fe13d4ed26d2546,LPT,WETH,0.003,78607.28470036424,2404.0778258517125,801359.2752839043,0.0008607029105166665,LPT/WETH - 0.3%,0.0009673827848636824
38,0x31fa55e03bad93c7f8affdd2ec616ebfde246001,WETH,DAI,0.0005,72708.46779754103,382.33464720928566,764669.2944185714,0.0007961143816517162,WETH/DAI - 0.05%,0.00015393867573237086
39,0xff961c81c4aab577c313309ac790dc6f5a936e5a,HDX,USDT,0.01,71442.67835447885,1001.175776422581,100117.57764225811,0.0007822547417735836,HDX/USDT - 1.0%,0.0004031521711268519
40,0xd7dc2b38a72ddfbf76a8d8f1776b83997d67a1ce,BRCF,USDC,0.01,66032.85523300512,165.69582999842336,16569.582999842332,0.0007230204033305052,BRCF/USDC - 1.0%,6.675804197610478e-05
41,0x8278591bbbbe7d86e783507e7f6320ffc9c021e5,ETHV,USDC,0.003,60525.131849403326,134.71127582471803,44903.75860823934,0.000662714115374412,ETHV/USDC - 0.3%,5.4304229243198724e-05
42,0x09ba302a3f5ad2bf8853266e271b005a5b3716fe,WETH,rETH,0.0005,46435.115059624215,2482.3344706048815,4964668.941209763,0.0005084368304329645,WETH/rETH - 0.05%,0.0010020714052010218
43,0x475f876b51482cba85926ad079b6163668399376,L2DAO,WETH,0.01,45097.17333799942,571.3290933723401,57132.90933723401,0.0004937871661137642,L2DAO/WETH - 1.0%,0.00023066545188101464
44,0x02c79a7e3d8a9cb773cd5f69be00a64f48308508,UMAMI,USDC,0.01,44226.5535547493,5717.713208415706,571771.3208415706,0.00048425439845421297,UMAMI/USDC - 1.0%,0.002308640037520565
45,0xdcc3ac7668d46f44434bf1ffe57a37e25ca3acf3,MCB,WETH,0.003,41023.18099266918,28237.03110228581,9412343.700761938,0.0004491793783951775,MCB/WETH - 0.3%,0.01140489831514849
46,0xc80956377cea73f64aaa3613d6692eabdf4fd4c8,iBTCV,USDC,0.003,36856.73620053851,156.5025645535877,52167.521517862566,0.00040355929149402976,iBTCV/USDC - 0.3%,6.323741205199892e-05
47,0x7e5e4a3f855f19cc1a45b9eff1c8b2419036ce85,WETH,USDC,0.01,36242.6692613078,27165.474804828307,2716547.4804828307,0.0003968356245481152,WETH/USDC - 1.0%,0.010977324472379937
48,0x1ca2a964cf3846bf53bcdbd7a1467b8ac6975d3a,WETH,HDX,0.01,32244.07058400203,1520.0191549932442,152001.91549932447,0.0003530533525530463,WETH/HDX - 1.0%,0.0006144709085237456
49,0xf8e5a77a4f187cfb455663b37619257565439f6a,eFIL,USDT,0.003,32123.818669619443,65916.67267290925,21972224.224303085,0.0003517366657714227,eFIL/USDT - 0.3%,0.026647271594162317
50,0x42c70f3a4b63c17fba500ee21cf4b3ca9c36ac7f,PBX,USDT,0.0005,31760.124829255168,33.94320171583936,67886.40343167874,0.00034775443501339903,PBX/USDT - 0.05%,1.3722271922282251e-05
51,0xa95b0f5a65a769d82ab4f3e82842e45b8bbaf101,CRV,WETH,0.003,31340.695690746703,12456.152958940334,4152050.9863134455,0.00034316193596390493,CRV/WETH - 0.3%,0.005035879237476315
52,0xc12825b2b24cc3d0eec965261f906b0ba132e8b3,WETH,NFD,0.01,29459.17915805969,22318.64277663691,2231864.2776636914,0.00032256045148263985,WETH/NFD - 1.0%,0.00902486306473487
53,0xe8bfb2918853576f0965e29bb86001ea93019003,WETH,TCR,0.01,28329.326143374878,6431.364636369662,643136.4636369661,0.0003101892344650046,WETH/TCR - 1.0%,0.002600907462505845
54,0x5b309eee32fada35e8fe5948a5d95dd86da0f855,RDPX,USDC,0.01,26144.13097319121,6234.503372040503,623450.3372040502,0.00028626264992270286,RDPX/USDC - 1.0%,0.0025218443357999548
55,0x3396e2cb9e4f1eb4fc06028ab07a8db0ef63b486,BTCV,USDC,0.003,25397.513526887287,84.01508293961506,28005.027646538358,0.0002780876339362604,BTCV/USDC - 0.3%,3.3986466462450544e-05
56,0x47fce51e3a28069349c717a2e53c8c3512ffcda7,UNT,WETH,0.003,25023.56106522234,344.76858544844555,114922.86181614854,0.0002739930773900476,UNT/WETH - 0.3%,0.00013947380208928934
57,0x2dfbbc8c9405c70ca0f81944332841663d2333b1,UNI,USDC,0.003,22789.961014365283,2193.4457500414637,731148.5833471544,0.0002495364882579982,UNI/USDC - 0.3%,0.000887541406334139
58,0x46c47c8daabca3e15bf238cda365894046bafa23,WBTC,DAI,0.003,21603.099961987762,68.70273535121167,22900.911783737225,0.0002365410672095025,WBTC/DAI - 0.3%,2.7802713523600463e-05
59,0x310a09b51501d893988401fba75c47dc59f1b42a,RDPX,WETH,0.01,20570.08678397292,1470.6431075729975,147064.31075729974,0.00022523018867822402,RDPX/WETH - 1.0%,0.0005952031444821065
60,0x5497ca4be41d2ae0222cc4c41c43d189ed894ffd,iETHV,USDC,0.003,20399.057350171224,114.72187599217739,38240.625330725794,0.00022335751832689135,iETHV/USDC - 0.3%,4.643137851706134e-05
61,0x7145fc850a482cfc08c43a0c4ee813f2a9ee98ef,ZIPT,WETH,0.003,19486.504467094746,394.0185154337406,131339.5051445802,0.00021336560822010883,ZIPT/WETH - 0.3%,0.0001594856162086372
62,0x0d01653333f7124e34c96c7c3c1cdab8b0f73a6e,RAI,USDC,0.0005,15567.89656887531,65.01471675910699,130029.43351821393,0.00017045918757439688,RAI/USDC - 0.05%,2.6326095381530522e-05
63,0x80adbcb3a6f2e07cc35f6badd8d22b7ab4f208c3,KROM,USDC,0.01,13052.673353001623,1726.285880367214,172628.58803672143,0.00014291899265793845,KROM/USDC - 1.0%,0.0006991921965248162
64,0x641b751713643c52104c107c139d5f4bf7ff512b,WETH,RPL,0.003,12439.589636776975,3162.058971204439,1054019.6570681462,0.00013620609141785169,WETH/RPL - 0.3%,0.0012807973234550782
65,0xfa43f239694fcca4af26ab42645c8be3bda95909,WETH,RAI,0.0005,12250.790601816856,18.908062690320186,37816.12538064038,0.00013413885452610136,WETH/RAI - 0.05%,7.65888712660897e-06
66,0xaac7de2b91293ba1791503d9127d2bdf2159db65,WETH,rETH,0.003,11919.120646452022,11583.435017376916,3861145.0057923053,0.00013050726621973002,WETH/rETH - 0.3%,0.004692133812813549
67,0x99dfc0126ed31e0169fc32db6b89adf9fee9a77e,WBTC,WETH,0.01,10719.202543510126,1581.6260724182694,158162.60724182698,0.00011736887825072108,WBTC/WETH - 1.0%,0.0006407504071413441
68,0x58039203442c9f2a45d5536bd021a383c7f3035c,WETH,USDT,0.01,9943.751694943761,8249.856243644665,824985.6243644665,0.0001088781536967842,WETH/USDT - 1.0%,0.003342451381485789
69,0x91f8ac198e41b462e6d056d8acabaaa025d46c97,TCR,USDC,0.003,9256.257955436879,3355.3752927740798,1118458.4309246934,0.00010135050705676715,TCR/USDC - 0.3%,0.0013595326724468752
70,0x6f539c599321a98a9feff4d925dae56452a8fc99,MIM,USDC,0.003,8792.118651333036,547.2980690450228,182432.6896816742,9.626845834524988e-05,MIM/USDC - 0.3%,0.00022176479420770077
71,0x87adc4a56252206008134ca6e807f474290c867d,CAP,USDC,0.003,7190.061385229654,869.0047326102317,289668.2442034106,7.872688625042894e-05,CAP/USDC - 0.3%,0.0003521764800631407
72,0x4d7ce479ce0993e1ab98c15cee6d8f33926871da,USDT,USDC,0.003,6693.714316911344,20.98770034306927,6995.900114356424,7.329218171946318e-05,USDT/USDC - 0.3%,8.505984809237279e-06
73,0x53c6ca2597711ca7a73b6921faf4031eedf71339,WBTC,USDT,0.003,6388.294313740591,4433.259487718713,1477753.1625729043,6.994801474230441e-05,WBTC/USDT - 0.3%,0.0017967851752119183
74,0x0a5f3c8633b0abe29d229db1f730ed46a60dced2,DAI,USDC,0.003,5746.190214443397,290.7444140730859,96914.8046910286,6.291735760630978e-05,DAI/USDC - 0.3%,0.00011784529622528603
75,0x51659130415f2ae435d7c9056337c1a8eda86493,CAP,DAI,0.003,5509.188010753816,229.42970121485328,76476.56707161777,6.032232475035946e-05,CAP/DAI - 0.3%,9.299525710158683e-05
76,0x2e630136c42bc72f1285743347ba77a75077aff4,WETH,DAI,0.01,5202.631325800485,1171.2894330202062,117128.94330202062,5.696571178524516e-05,WETH/DAI - 1.0%,0.0004747759283131236
77,0x403e0e53a8f25a235bde77401142dd61564ac4b6,WETH,MIM,0.003,5018.869998491496,7118.508457026076,2372836.1523420247,5.495363478935168e-05,WETH/MIM - 0.3%,0.0028855024558455088
78,0x5ac7ee7d5afdb6ced5a2d3638047a4906b8d26ae,ETHV,USDC,0.01,4882.551034996199,832.1512301021812,83215.12301021813,5.346102339733811e-05,ETHV/USDC - 1.0%,0.000337318856777001
79,0x14af1804dbbf7d621ecc2901eef292a24a0260ea,WETH,CRYPTO,0.01,4575.3496241584635,124.57182932868335,12457.182932868334,5.0097351068103724e-05,WETH/CRYPTO - 1.0%,5.04976929899018e-05
80,0xc9c8e8e867e850c19e9240bff1bb0bbd24d1a47f,WUTN,USDC,0.003,4197.096845,0.421380222,140.460074,4.595570860870964e-05,WUTN/USDC - 0.3%,1.7082139463968327e-07
81,0x5bba769e9e1fef856af8c2717182fca1fe6d0157,SPELL,WETH,0.01,4056.7182579953264,15820.267321602836,1582026.7321602837,4.4418646759166074e-05,SPELL/WETH - 1.0%,0.006413395568760086
82,0x79be9c58825018b8d26e450806c497c9bebe4e8d,UNI,USDT,0.01,4050.605871760927,55.05566034607217,5505.566034607216,4.435171977342673e-05,UNI/USDT - 1.0%,2.2319088335103017e-05
83,0xfea0e46a50156675432f9bc35d0d173ed30674ae,DPX,USDC,0.01,3919.738862400134,4527.763658553815,452776.3658553814,4.2918804029335086e-05,DPX/USDC - 1.0%,0.001835540222134827
84,0xcd6d95d18611c089996dce073de1790666ddad1f,RAI,DAI,0.0005,3894.688423501958,16.903603161169073,33807.20632233815,4.264451665569578e-05,RAI/DAI - 0.05%,6.852681265079263e-06
85,0xd0fd891e6990689cc5ce6eb15395d58a6f8bd8b2,USDT,MIM,0.003,3840.126562189714,7.396700449880498,2465.5668166268324,4.2047096798062186e-05,USDT/MIM - 0.3%,2.9986214516406737e-06
86,0x4e465d9016681d5886c2eb3d12184f82d5a0379a,TCR,USDC,0.01,3334.1299591772295,2388.288700714816,238828.87007148162,3.6506735614178504e-05,TCR/USDC - 1.0%,0.0009682609200712621
87,0x22127577d772c4098c160b49a8e5cae3012c5824,WETH,LINK,0.01,3231.4520441769414,5048.269162687603,504826.9162687603,3.538247365012008e-05,WETH/LINK - 1.0%,0.00204669222608997
88,0x69d12fe99baac045b2d3e9c1b8573e82191d38d7,PRICES,USDC,0.003,3150.383986271912,68.38961770989047,22796.539236630157,3.449482673985263e-05,PRICES/USDC - 0.3%,2.772705431777577e-05
89,0xb7c9609cc9083e135d9315c355db4334c07e7c2c,SYN,WETH,0.01,3093.13282567216,1615.0885924470192,161508.85924470192,3.386796065808304e-05,SYN/WETH - 1.0%,0.0006548056113082139
90,0xc26064c6768215cd1c54b17a5525387a36176173,GMX,USDT,0.01,3082.6940546941914,2102.1940052804634,210219.40052804633,3.375366233831278e-05,GMX/USDT - 1.0%,0.0008522937216182281
91,0x25ccba1087142aa333db02665974d7e379e35ed7,DAI,GMX,0.01,3080.1568454333533,2644.432269663605,264443.2269663606,3.37258814093096e-05,DAI/GMX - 1.0%,0.0010721339641755641
92,0x6a034ac28064ffa8375e4668f4ecebdf3aafcba0,WETH,MYC,0.01,2964.4950450777615,5346.503201898188,534650.3201898189,3.2459453640164253e-05,WETH/MYC - 1.0%,0.002167661474155423
93,0x3c711d3b25ae5c37ee38afc10b589c3bc6419edf,WETH,VSTA,0.01,2888.838000940651,11303.30183672624,1130330.1836726237,3.163105410520872e-05,WETH/VSTA - 1.0%,0.00458279296135992
94,0x59d72ddb29da32847a4665d08ffc8464a7185fae,MAGIC,WETH,0.003,2742.5524175391306,5133.681382510023,1711227.1275033406,3.0029314166216354e-05,MAGIC/WETH - 0.3%,0.0020814221641902325
95,0x929fcf81102c5577243ee614c2c455acd6681f1a,WETH,UNI,0.01,2637.1285541106436,329.30344412334637,32930.344412334634,2.8874985703699315e-05,WETH/UNI - 1.0%,0.00013351563143939267
96,0x5368c486222552bdbe57a26ce260b13ce47b3211,LINK,USDT,0.01,2588.4417446582465,235.91086787733292,23591.08678773329,2.8341894161876166e-05,LINK/USDT - 1.0%,9.565020458534162e-05
97,0x8a1d8142cabeba23b0417ac45344f67f5a8798f8,MIM,USDC,0.0005,2467.5114497432996,4130.663190702521,8261326.3814050425,2.701777951779851e-05,MIM/USDC - 0.05%,0.0016748001462645505
98,0x568b6e64d9cc7e323fcf27bd7d58ed9c452a60df,4d4b520000000000000000000000000000000000000000000000000000000000,WETH,0.01,2086.3457437698953,127.44778252570346,12744.778252570348,2.2844242246145002e-05,4d4b520000000000000000000000000000000000000000000000000000000000/WETH - 1.0%,5.167637476808021e-05
99,0x68fc3b62e97002c1e6aa00533d8b06937eebc444,USDs,USDC,0.01,2073.2167027006235,2065.6292640073707,206562.92640073705,2.270048707251587e-05,USDs/USDC - 1.0%,0.0008375537806875693
100,0x95bdae7cf986d764311ad8b07b3bd78386b221fe,JONES,WETH,0.01,2063.366036741024,4136.1954366387345,413619.5436638734,2.259262815213371e-05,JONES/WETH - 1.0%,0.0016771109888069607
101,0x4dc41a90d187b9ae81572e78df3e83dd30699da9,CAP,WETH,0.01,2033.127650412418,4925.458015241812,492545.80152418115,2.2261535846610555e-05,CAP/WETH - 1.0%,0.0019971408175151716
102,0x31479e98952ae0ff9e9f3dda930a8c264cb16608,L2PAD,WETH,0.01,1965.6855152343815,2713.4119616377175,271341.19616377173,2.152308466793849e-05,L2PAD/WETH - 1.0%,0.0011002230263064405
103,0x37516211fe11d49b84cb959631526e1f4e3fb86f,MAGIC,USDC,0.01,1831.3923825132588,229.8427369707342,22984.273697073415,2.0052654915326316e-05,MAGIC/USDC - 1.0%,9.319693086764906e-05
104,0x4985c5b657d916ba745afb16ace048c0a03ca2f5,WETH,VISR,0.003,1792.7344920051507,8030.823396928629,2676941.132309543,1.9629374057813005e-05,WETH/VISR - 0.3%,0.0032563612651940895
105,0x1442097733acf0a2b5c4ab422f1c0186e95d52ba,CRV,USDT,0.003,1786.2772151923427,393.1330392740622,131044.34642468735,1.9558670725825634e-05,CRV/USDT - 0.3%,0.00015940881331692346
106,0xd3096b8e3a41647e68c9e4444cedf05625d5d582,BTCV,USDC,0.01,1771.9811361212733,13.438027781409994,1343.8027781409994,1.9402137181735553e-05,BTCV/USDC - 1.0%,5.448901287431328e-06
107,0x71442bbef4b6d1876d2bb1ad481844a7757581ca,WETH,SWPR,0.0005,1695.8823619433194,1.287294368783314,2574.5887375666284,1.8568900966143287e-05,WETH/SWPR - 0.05%,5.21980861081897e-07
108,0x3826fd24a63ce46897ef646d31362714ae6c1519,WETH,Z2O,0.01,1607.3960260934107,3634.6679799121703,363466.797991217,1.7600028334334662e-05,WETH/Z2O - 1.0%,0.0014738228901475903
109,0xff96d42dc8e2700abab1f1f82ecf699caa1a2056,WETH,UNI,0.0005,1384.5754635601375,922.6838346483121,1845367.6692966241,1.5160275995522984e-05,WETH/UNI - 0.05%,0.00037414775158326776
110,0xeb79e6abfb3dcf64da8b0967c3c61fdf57e84542,WETH,SUSHI,0.003,1371.1466431545796,3007.7091702774155,1002569.7234258051,1.5013238416856744e-05,WETH/SUSHI - 0.3%,0.001219625934900742
111,0x270b27f18deaf0f851a9555d078e780f036a45ce,LPT,WETH,0.01,1331.672248927336,290.56422584909035,29056.422584909044,1.4581017330327936e-05,LPT/WETH - 1.0%,0.00011782424571097132
112,0x36f025251eb65e8b3403ef57c709862b45eac3e7,WETH,RAI,0.003,1214.7428231157385,33.36050315652487,11120.167718841623,1.330070981805715e-05,WETH/RAI - 0.3%,1.3527894100030319e-05
113,0x6f00288d3880f700bfd8335a1ae967c498a303cf,WETH,AMY,0.01,1179.1439643868737,2767.9318514231354,276793.18514231354,1.291092353507079e-05,WETH/AMY - 1.0%,0.001122417790527505
114,0xcab9eb70f9c351fab54794f5b0ddacd9e2273dc7,WETH,ETN,0.01,1176.638809556276,18.342276898333072,1834.2276898333073,1.288349358297145e-05,WETH/ETN - 1.0%,7.437937121109328e-06
115,0x24b1b5c7bf249b52e47feeae4dad6431dac8c048,WETH,BBK,0.01,1174.899410025653,2416.306170760604,241630.61707606047,1.2864448194948376e-05,WETH/BBK - 1.0%,0.000979831271156893
116,0xdd092f5dce127961af6ebe975978c084c935bcc8,LINK,USDC,0.003,1174.520748656811,957.0325712829642,319010.85709432146,1.2860302078675505e-05,LINK/USDC - 0.3%,0.00038808429482577433
117,0x93177ae1a2bfaa167a58b2ffe368ba6890f74117,VST,WETH,0.003,1155.725317989652,3637.3247518210824,1212441.583940361,1.2654503316623073e-05,VST/WETH - 0.3%,0.001474966794813976
118,0x5933b0ad15abf25f822e838ef366b434b46f440c,WETH,ARBIS,0.01,1126.7928305533446,2952.454046918171,295245.4046918171,1.2337709825538382e-05,WETH/ARBIS - 1.0%,0.001197249236064589
119,0x293ff56de9f8bbe5f0960e58ba17bd95e4469807,BADGER,USDT,0.003,1098.9065057162998,699.0454718015174,233015.15726717247,1.2032371191309402e-05,BADGER/USDT - 0.3%,0.0002834706239037811
120,0x48c0a349da8e7a0703cc589139e931f7e6ff751a,GRT,WETH,0.01,1097.7976616899373,1124.1864218590158,112418.6421859016,1.2020230010190666e-05,GRT/WETH - 1.0%,0.0004558700035626507
121,0xdcca64e393ec2d5740bc3a021482f96089e9c59b,USDT,USDC,0.01,1093.588088025362,7.718991866664773,771.8991866664774,1.1974137687844903e-05,USDT/USDC - 1.0%,3.1301377266808685e-06
122,0x82491d591c8915d21b411bcd679c6ed4c2702c2c,WETH,MATH,0.003,1020.8042399111332,230.90097129349607,76966.99043116535,1.1177197936658849e-05,WETH/MATH - 0.3%,9.363361353228198e-05
123,0x11809662d2f165c57ceeed40ba6662f10b278c5a,NZC,USDC,0.003,996.5761714029438,0.33226391996974625,110.7546399899154,1.0911915028583802e-05,NZC/USDC - 0.3%,1.3473805098129815e-07
124,0xfa5738670cfad9745a58305101c6fa9c4e42e615,CELR,WETH,0.003,992.7823854669672,1723.30430330064,574434.76776688,1.0870375334019626e-05,CELR/WETH - 0.3%,0.0006988262558766371
125,0xcb7a3a9e1a057744a60d8103ee66dd28a71c4d75,MCB,USDC,0.003,970.303939062052,1244.0241080176338,414674.7026725445,1.0624249745044617e-05,MCB/USDC - 0.3%,0.0005044719391406265
126,0xbbd51d8fc750de753e183bdbf019adad39c189cc,DAI,GMX,0.003,960.1596895844626,883.0648378241547,294354.9459413849,1.0513176260142423e-05,DAI/GMX - 0.3%,0.0003580974678199973
127,0xfc04946886015185d9f5c30b187809d482eca44c,ETHV,USDC,0.0005,913.5502654465429,0.2722943833967878,544.5887667935755,1.0002830849205879e-05,ETHV/USDC - 0.05%,1.1042041247342914e-07
128,0x6f6071be9dac7115baddd193c1774b0b710f7586,WETH,BRCF,0.01,822.2291475469705,17.525023838542452,1752.5023838542454,9.002919043736362e-06,WETH/BRCF - 1.0%,7.106786438268944e-06
129,0x2334d412da299a21486b663d12c392185b313aaa,RDNT,WETH,0.01,603.1637948200962,700.991272084595,70099.1272084595,6.604284013864795e-06,RDNT/WETH - 1.0%,0.0002842737584259736
130,0x01349ec321b172ac3de63d756503a85005a97955,UMAMI,USDC,0.003,571.8656906060412,476.1477623196624,158715.92077322083,6.2615884291823465e-06,UMAMI/USDC - 0.3%,0.00019309332792915253
131,0x63675e1973901da9b2f9134f1369aa0022b03369,DAI,USDC,0.01,501.40405748216943,0.20079357946879722,20.07935794687972,5.490075547893458e-06,DAI/USDC - 1.0%,8.142886879693555e-08
132,0xa8e5873b838fa39c381cb3e29cb0b6b9deda7a87,WETH,FLUX,0.01,490.3263911402178,2017.458726187231,201745.8726187231,5.368781704726196e-06,WETH/FLUX - 1.0%,0.0008181514783830857
133,0x6d78117425e49562eda06aa1db5f0dcf78c2e56f,DAI,USDT,0.003,483.6453567901269,161.7184346855098,53906.14489516993,5.295628361085026e-06,DAI/USDT - 0.3%,6.558263774863344e-05
134,0xadfad8befdfd6d94f7cfbe22d6639c224a80d2b6,PLS,WETH,0.01,472.7100961106575,642.7985855553577,64279.858555535764,5.1758937750354685e-06,PLS/WETH - 1.0%,0.00026067821495282396
135,0x68a8f02f352967f39321bbb9b6b79785bfa700ba,WETH,NYAN,0.01,455.45172829380573,186.11787060198915,18611.787060198913,4.986924934967359e-06,WETH/NYAN - 1.0%,7.547769876597165e-05
136,0x112e05d5b51cd21006872f469cda427cd0e36e5d,SPA,WETH,0.003,430.2749686156748,115.43497195688416,38478.32398562805,4.711254424085998e-06,SPA/WETH - 0.3%,4.681327992425911e-05
137,0x06dff0f012a337a37fd532e3975f37c5fd56e4a6,ARBIS,USDC,0.01,415.17587413113097,816.60913664206,81660.913664206,4.5459283398871785e-06,ARBIS/USDC - 1.0%,0.000331166622843401
138,0x2c089ee1080b091fb3b73df94f7840b33fbca020,WBTC,DAI,0.01,404.6587780143935,512.4520522603609,51245.20522603608,4.430772406536163e-06,WBTC/DAI - 1.0%,0.00020781936715691914
139,0x8a7be0c0de9c1a3090ca58c95a10cee43f2b1d8b,SDL,USDC,0.01,392.7403103085774,19.793766624815802,1979.3766624815805,4.3002722896271854e-06,SDL/USDC - 1.0%,8.027156761260454e-06
140,0xb04e4bdbc59ad9a09e4712a31acdf18ac5a141c1,iETHV,USDC,0.01,378.76296625927074,12.549863812396868,1254.9863812396868,4.147228704030909e-06,iETHV/USDC - 1.0%,5.089474220147942e-06
141,0xce84d3f8da947dd59a79b8b8481023937cdd27c1,IMPISH,WETH,0.01,343.146143276713,62.69137015865237,6269.137015865236,3.7572457231749087e-06,IMPISH/WETH - 1.0%,2.5423961039813475e-05
142,0xdfa19e743421c394d904f5a113121c2227d2364b,COMP,WETH,0.003,342.2383554223184,341.2340839038174,113744.69463460578,3.7473059872918104e-06,COMP/WETH - 0.3%,0.00013838464241886002
143,0x5bfdfa60d9518f8f5107ca1a2ddece9c69e78db8,WETH,esGMX,0.01,341.62141477468407,594.1107969476493,59411.07969476492,3.7405508549518626e-06,WETH/esGMX - 1.0%,0.00024093670340390896
144,0xb5c88537d8f5f356e43ec94e20f7eb26bd1ac967,DPX,WETH,0.003,305.46240147176525,644.4078799032928,214802.62663443096,3.3446312132816945e-06,DPX/WETH - 0.3%,0.00026133521293038455
145,0xa8dce7394dc8f5e100ad4a41275fcb698863c4ec,COMP,USDC,0.01,295.6662692161528,593.4353437505865,59343.53437505866,3.2373694044512366e-06,COMP/USDC - 1.0%,0.0002406638849017728
146,0x4b220d875a5951244896b2f3d7f1545b2a3d0d5f,PREMIA,WETH,0.01,289.38900254869407,123.82564421509014,12382.564421509012,3.1686370762533394e-06,PREMIA/WETH - 1.0%,5.021672471488779e-05
147,0xb860af6936f1416b1a20b0944173067a2f90ed52,WETH,UniArbi,0.01,284.6152137531254,0.0,0.0,3.116366934545738e-06,WETH/UniArbi - 1.0%,0.0
148,0x756eadc79b609359ef8e0726345074d69baf9815,WETH,MGN,0.003,281.7436206802976,136.35408178659662,45451.360595532205,3.08492470212385e-06,WETH/MGN - 0.3%,5.529759741669974e-05
149,0x02643ea06e160344dd670da34afdab165208e80f,SPELL,WETH,0.003,279.353420400909,538.2085178258153,179402.83927527178,3.0587534338370826e-06,SPELL/WETH - 0.3%,0.00021826735707830444
150,0x190b50d795146c252783dfc02b414cdd10766744,0xBTC,WETH,0.01,278.8410003280833,949.1338214286152,94913.38214286155,3.0531427394877052e-06,0xBTC/WETH - 1.0%,0.0003849157612164595
151,0xb435ebfe0bf4ce66810aa4d44e3a5ca875d40db1,WETH,GMX,0.0005,270.1630237514171,136.8496835434926,273699.3670869852,2.9581240688212007e-06,WETH/GMX - 0.05%,5.549865006877144e-05
152,0x1e35dd8af886dfc62dafe63fa6c43dafdf518bb5,WETH,OCEAN,0.01,266.7564541822758,41.11800679035527,4111.8006790355275,2.9208241626583837e-06,WETH/OCEAN - 1.0%,1.6675191265710147e-05
153,0x05e16893648c9d23b95ac168bf5d9be22e78a5aa,HND,USDC,0.01,257.84843141978325,341.99702624923833,34199.70262492383,2.8232866233851247e-06,HND/USDC - 1.0%,0.0001386952177444237
154,0xd3eb92fb329c043b24aa24253b98ce14816fa05f,STG,USDC,0.01,229.59345006062864,479.18577242139315,47918.57724213931,2.51391141999121e-06,STG/USDC - 1.0%,0.0001943319904134625
155,0xa65c72509c09fbc39bbce149be4a912305c5c382,WETH,WCHI,0.003,223.80073419961843,3.218974074977064,1072.991358325688,2.4504846342884287e-06,WETH/WCHI - 0.3%,1.3054436033725644e-06
156,0x3b2eafce2b05341a0bee6a3569b5f769afb3042f,UNI,USDT,0.0005,221.2799232468913,0.23065453900738253,461.309078014765,2.422883256984214e-06,UNI/USDT - 0.05%,9.354115983048281e-08
157,0x47c31c8b38f33adf886a9228c4c326df8f430614,LRC,WETH,0.003,206.32485652040634,64.84608506647604,21615.361688825342,2.2591341908827505e-06,LRC/WETH - 0.3%,2.629814745858739e-05
158,0xd9aec68395551b142c0f3823208933c323210e78,iZi,USDC,0.01,203.39003349361406,251.41454627835114,25141.45462783512,2.2269996281556427e-06,iZi/USDC - 1.0%,0.00010196049221587195
159,0x0463a3dd6483e11a6cbfcb2d5123d2f06f61d62a,UBT,WETH,0.01,201.361737646899,32.52882119751248,3252.8821197512484,2.2047909976793326e-06,UBT/WETH - 1.0%,1.31919785163528e-05
160,0xd30199858876c9ee3efef9c3b36d799eaab0ffdf,GRT,WETH,0.003,199.78594453821887,409.8039148240191,136601.3049413397,2.187537002452516e-06,GRT/WETH - 0.3%,0.00016619493400410988
161,0xd9dd199b7e02af62a2ce21a36d9881f776212af9,WETH,VSTA,0.003,193.98794150903925,385.393286237882,128464.42874596067,2.124052325409903e-06,WETH/VSTA - 0.3%,0.00015629535636614057
162,0x9f9cbb14171cae804231d25cdbd3bf9913fa9c4a,WETH,wMEMO,0.01,189.79992418517105,221.93480146476224,22193.480146476224,2.078196032145382e-06,WETH/wMEMO - 1.0%,9.000518340745488e-05
163,0xd97c8ee1c1e47f50a66e69d5ad155f882e38b0e5,UNI,USDT,0.003,188.64917687362055,12.291588300257974,4097.196100085991,2.065596035031932e-06,UNI/USDT - 0.3%,4.984827883403583e-06
164,0xa1e8101079b39fb1b8719eeb9e026b4805ced0bb,MCB,USDC,0.01,184.9084285185358,0.06953853521093502,6.953853521093502,2.0246370703633946e-06,MCB/USDC - 1.0%,2.8201217815703454e-08
165,0x956f14d8773ab2d4154360a3180c27ab42b10cc7,WETH,TCR,0.003,181.2549770469386,91.13856793911769,30379.522646372563,1.9846339545323176e-06,WETH/TCR - 0.3%,3.6961082615068514e-05
166,0xbcf48fef3ef96224b6281846be2f00560b62a448,DAI,SWPR,0.01,178.41633911096503,1.2289747851003132,122.89747851003133,1.9535525612147826e-06,DAI/SWPR - 1.0%,4.984086593102895e-07
167,0x394d3188658226c0c8c4158968bb40772b88bb08,UMAMI,WETH,0.003,175.04147981295085,3.781064337447555,1260.3547791491849,1.916599863618658e-06,UMAMI/WETH - 0.3%,1.5334048070201843e-06
168,0xab2e6375623cda1ea7950e38a6cf026d059b9791,WETH,DEV,0.01,168.87537506429214,685.066541053318,68506.6541053318,1.8490846921692033e-06,WETH/DEV - 1.0%,0.000277827849821167
169,0x6b9d89996a592e7c88fcff28ce81bbef430e5fc3,ETHV,DAI,0.003,168.8362307370085,0.4719411366676667,157.31371222255558,1.8486560851189575e-06,ETHV/DAI - 0.3%,1.9139511842773828e-07
170,0x5a11fb359856df920770585ea5451ab1fb453711,WETH,IQ,0.01,165.40308720263542,6.238494719471742,623.8494719471742,1.811065209877306e-06,WETH/IQ - 1.0%,2.530014344567436e-06
171,0xa9778a2fc5966c297ad034ee211083081f1a12c5,WETH,SOCKS,0.01,161.51720546381534,133.83308501598066,13383.308501598065,1.7685171211693073e-06,WETH/SOCKS - 1.0%,5.427587449661265e-05
172,0xe0fba390e57439da9fa2d6857f60898c6f27d938,UBT,USDC,0.01,159.12815505262864,383.71046633944025,38371.046633944025,1.7423584432539269e-06,UBT/USDC - 1.0%,0.00015561343510089008
173,0x25e472841483c62d8b0e24b89dc87e996e5b391b,LINK,USDC,0.01,142.31789745973325,152.56448638999998,15256.448639,1.5582961430244812e-06,LINK/USDC - 1.0%,6.187249447961194e-05
174,0x90605ac59f1f19a7fe71f777ddbda83a3f25778e,VSTA,USDC,0.01,137.07661156469396,273.12161117517536,27312.161117517535,1.5009071867476418e-06,VSTA/USDC - 1.0%,0.00011076446843257521
175,0x76d56579aa6356d860dcf7f8028d9ffd2e3c90f3,DAI,LINK,0.003,133.5099822051605,1.8841370174918801,628.0456724972935,1.4618547212899408e-06,DAI/LINK - 0.3%,7.641120332133112e-07
176,0xd6305dbdcb96aac1ab4a2a611c899ca8e7cee31d,WETH,WIS,0.0005,132.54123414755344,5.725930024710301,11451.860049420606,1.4512475075193843e-06,WETH/WIS - 0.05%,2.322151954155034e-06
177,0xa99c670879888df9ccfaa46b1f3b0c9cfb771bee,ArbiFLUX,WETH,0.01,115.63274869186277,665.4769431695827,66547.69431695827,1.266109670744897e-06,ArbiFLUX/WETH - 1.0%,0.0002698847506449983
178,0x95e1ad45f689c590a2e3fa812bcf378762bde580,WETH,XTK,0.01,111.01986881795749,11.652835368459822,1165.2835368459823,1.2156013858134416e-06,WETH/XTK - 1.0%,4.725819655665327e-06
179,0x8e3d89dc3cd1252a4d50d6d4a42a1f10f1d1922a,DAI,UNI,0.0005,109.89619167230538,0.2043733721595849,408.7467443191698,1.2032977908803457e-06,DAI/UNI - 0.05%,8.288384562504423e-08
180,0x742e6ca176067f57b79be9f42e0df7cb94521e16,DAI,USDT,0.01,104.4739050039542,0.24776415344519462,24.77641534451946,1.1439269840283447e-06,DAI/USDT - 1.0%,1.0048107913214621e-07
181,0xc0d49107c6ba24678db73a37641b2f2a0455444d,CRV,USDT,0.01,102.68239230307447,153.54739143776402,15354.7391437764,1.1243109878550585e-06,CRV/USDT - 1.0%,6.227135822144532e-05
182,0x6df91822b4ad2f29fa8e8669de087b25d96c2c6d,SCLM,WETH,0.003,102.24424453988672,0.09870945464035011,32.90315154678337,1.119513531023296e-06,SCLM/WETH - 0.3%,4.003175841356344e-08
183,0x005377dbf6dd39f05896081f366f3a2999a1168c,WETH,ENS,0.003,101.18082830396547,115.30167346407012,38433.89115469004,1.1078697571308764e-06,WETH/ENS - 0.3%,4.676076110895211e-05
184,0x27a664dfbcbae7e7dfec8b489473392fce2b0c2c,DFL,USDT,0.003,96.45603562580276,218.3933493850312,72797.78312834373,1.0561360937028145e-06,DFL/USDT - 0.3%,8.856978183048172e-05
185,0xc0fcceb9b5c5cbf8ab8a14f09bcad5d0301bbe5e,POWR,WETH,0.003,96.338037845216,108.4319088033446,36143.96960111487,1.0548440883425904e-06,POWR/WETH - 0.3%,4.397473937067918e-05
186,0xe16371392e67ec4a0a57cf95890d400d2f3b5523,DUSD,USDC,0.003,94.37566267890796,187.9899950286342,62663.33167621141,1.0333572500221322e-06,DUSD/USDC - 0.3%,7.623966735581095e-05
187,0xc4126778dfb9323eead7663f9e7fe26e9a7c8ac7,HND,WETH,0.01,93.23633113815788,185.13691692943945,18513.691692943947,1.0208822487941292e-06,HND/WETH - 1.0%,7.508260515649784e-05
188,0xa6374902e6899cee4810bd1517a9dce866d3c6fd,WETH,FLUX,0.003,91.9519814411295,277.1427284552789,92380.90948509298,1.0068193851986334e-06,WETH/FLUX - 0.3%,0.00011239573970576596
189,0x81d43b4244195b931b505e462d3f709d5a05d40d,SDL,WETH,0.01,90.54813113963075,2.959188225898192,295.91882258981923,9.914480612172052e-07,SDL/WETH - 1.0%,1.200104358226919e-06
190,0x6353cc104d9e32fdeaa3807938ffc66af00e00fc,DEGENS,WETH,0.01,88.5697510176719,0.005387904458198763,0.5387904458198762,9.697859781727515e-07,DEGENS/WETH - 1.0%,2.1850752326681225e-09
191,0xd5a3f9ad5cef0e1269faa45b2e011bdb9ce17d0b,renZEC,WETH,0.01,84.51627816367674,0.0037763174221547187,0.3776317422154719,9.25402866652837e-07,renZEC/WETH - 1.0%,1.5314935664824531e-09
192,0x5c647d3019c23a4fd9bdbb61b55b67074f789eee,WETH,dEth,0.01,83.49827901142332,292.29536435251066,29229.536435251062,9.142563827539477e-07,WETH/dEth - 1.0%,0.00011854101907918746
193,0x8c15bd3bce679b7c72374b17679b8dd2da91a9a9,BAL,WETH,0.01,80.54665642977687,210.56640834057825,21056.640834057827,8.819378749152201e-07,BAL/WETH - 1.0%,8.539568888217987e-05
194,0xac03598314bd22030f7f1df60ae353873df6583a,VISR,USDT,0.003,78.45277780323997,59.1199989256854,19706.6663085618,8.590111520930462e-07,VISR/USDT - 0.3%,2.3976255908362456e-05
195,0x93bcfb0469fd7e8e855abe81e13cf2e0f0192e48,WETH,DBL,0.01,74.15817738977555,2.468013202405298,246.80132024052983,8.119878375304739e-07,WETH/DBL - 1.0%,1.000909042860891e-06
196,0x626b9d80ebc0ded0e92ba4061fe70d3154ba6d2e,MAGIC,USDC,0.003,68.17955655293619,10.072072765127995,3357.357588375999,7.465255031583088e-07,MAGIC/USDC - 0.3%,4.084757216163902e-06
197,0xf44f17a6fc5d2f0ad1ff47e682570fa5a8eb9050,MAGIC,WETH,0.0005,67.72688300208338,55.93301569752737,111866.03139505476,7.415689976102789e-07,MAGIC/WETH - 0.05%,2.268379162485818e-05
198,0x1467b5b581bf207de73db1793f138b9b0bc5a4f5,WZYX,USDC,0.01,65.718677,131.21567996053392,13121.56799605339,7.195803389573462e-07,WZYX/USDC - 1.0%,5.3214898262723266e-05
199,0x150e2cb54a4ddef8d18342fe67bd33a1f6ba7cef,INTR,WETH,0.003,64.21218136644976,0.19636732967043952,65.45577655681316,7.030851097757263e-07,INTR/WETH - 0.3%,7.963735010865915e-08
200,0xc865e0f82e0723afca98b5e1d89d7531a643dd69,COMP,DAI,0.01,63.322242876730584,10.49470972427768,1049.4709724277684,6.93340813796011e-07,COMP/DAI - 1.0%,4.256160881658419e-06
201,0xea263b98314369f2245c7b7e6a9f72e25cb8cded,GMX,USDC,0.0005,63.26781346640424,6.556701187862234,13113.402375724467,6.927448441977205e-07,GMX/USDC - 0.05%,2.6590897693756868e-06
202,0x9e91dd7e538a7424841902a14fbe42ebf99e9a7e,GMX,USDT,0.003,61.44993681873753,0.06547812976503453,21.826043255011513,6.728401785223805e-07,GMX/USDT - 0.3%,2.6554856114174293e-08
203,0xe38ac25c72103c4f013cf161e1e819dbfeb7270a,WETH,SWPR,0.01,57.88710668022731,129.40275214737102,12940.275214737103,6.338293122702093e-07,WETH/SWPR - 1.0%,5.247970124773845e-05
204,0xa72cd899950c8fb0389a2ace09a159aca69d3383,WETH,AAVE,0.01,56.77975129453101,92.68779975263728,9268.779975263727,6.21704430879405e-07,WETH/AAVE - 1.0%,3.75898386877337e-05
205,0x6e10f07d945ccc3fecdcd60c651b83a815f6b5ae,WETH,POND,0.01,54.81035274877573,0.16627726842975443,16.62772684297544,6.001406907405599e-07,WETH/POND - 1.0%,6.743430036451026e-08
206,0xb09881a67c8de776ad1f23d0630dad0e0ba86693,WETH,gOHM,0.01,49.957827633606286,560.6806824753714,56068.06824753715,5.470084332671987e-07,WETH/gOHM - 1.0%,0.00022738602969935953
207,0x91308bc9ce8ca2db82aa30c65619856cc939d907,WETH,LINK,0.0005,49.47392394079992,0.006478237186226525,12.956474372453052,5.417099762807272e-07,WETH/LINK - 0.05%,2.627272082934837e-09
208,0x4e49af181f7abceba31430de7b4b036b979ab34b,WETH,MNTO,0.01,48.73219861006242,8.629110694050643,862.9110694050644,5.335885260435999e-07,WETH/MNTO - 1.0%,3.499566727318013e-06
209,0x23131e1a64e441ff568b81366e786d658dc7b27f,0xBTC,WETH,0.003,48.64877802159843,4.404543057343861,1468.1810191146196,5.326751203260298e-07,0xBTC/WETH - 0.3%,1.7862782165642105e-06
210,0x7548b19f14866ff4aef1057d826a0cf1f9022051,WETH,UMA,0.003,48.27407310768498,4.249697747032894,1416.5659156776312,5.285723248762245e-07,WETH/UMA - 0.3%,1.7234802108001485e-06
211,0x89ecffd523a4a3cd7852bc0733f0a97ff9018533,UNI,USDC,0.0005,47.70285133140952,55.92242405887154,111844.84811774308,5.223177869251317e-07,UNI/USDC - 0.05%,2.267954156932904e-05
212,0x0a881c52338d906bca5f108627fd9c46cff95860,WETH,VALX,0.003,44.43628112709101,3.739059922450003,1246.3533074833342,4.86550790355017e-07,WETH/VALX - 0.3%,1.5163897858324412e-06
213,0x4271b64e7e3c0221d231ac95b6c9c29dd8b067d8,CRYPTO,WETH,0.01,43.3029807852112,89.38961759314306,8938.961759314305,4.7414182715951086e-07,CRYPTO/WETH - 1.0%,3.6252299040624916e-05
214,0x1af785f9710b60fdf57d995fb904761fa6d7cd92,nICE,WETH,0.01,41.512616544512845,45.653591023620024,4565.359102362003,4.5453840594062615e-07,nICE/WETH - 1.0%,1.851499061011979e-05
215,0xe61e9ae912d9e4b3d6e47dbb5d9b92a6f9386506,esGMX,USDC,0.01,41.38242448629969,41.23997448,4123.997448,4.5311288050927e-07,esGMX/USDC - 1.0%,1.672503154909782e-05
216,0x2623f6cd50833408a8c8b8ad57e11a7cab3926bd,WETH,RGT,0.003,38.54543158905617,87.54316631491614,29181.05543830538,4.2204949938523925e-07,WETH/RGT - 0.3%,3.550348060023994e-05
217,0xa6666ef94111b635e68e22c13e59c9135bc41615,ETHRISE,WETH,0.01,37.957929191483984,54.95891380699126,5495.891380699126,4.1561669833564956e-07,ETHRISE/WETH - 1.0%,2.2288808218023822e-05
218,0xba1f4c88d563df1f66f726839b0e7e81183ce929,RDPX,WETH,0.003,36.776912652861235,34.34110809602191,11447.036032007303,4.026852712289172e-07,RDPX/WETH - 0.3%,1.3927175952422204e-05
219,0x2616a225b147e4e3d378188a2a4c7f77b3b61adc,INTR,USDT,0.0005,35.8252529021154,0.02708103264550118,54.162065291002364,3.922651642323361e-07,INTR/USDT - 0.05%,1.0982823893320012e-08
220,0x4d834a9b910e6392460ebcfb59f8eef27d5c19ff,PREMIA,WETH,0.003,33.981496832550214,93.92286186609319,31307.62062203106,3.7207713431365134e-07,PREMIA/WETH - 0.3%,3.8090808985200636e-05
221,0x33b878432494963d266a948d9852e995585efa0a,LAND,WETH,0.01,30.741967754817267,37.66919965583383,3766.919965583384,3.3660622196072536e-07,LAND/WETH - 1.0%,1.527690622953896e-05
222,0x897e85b6c77fdb2361d2adba2ef0ac668db9116d,PL2,WETH,0.003,30.597804971671568,97.11429820938349,32371.43273646116,3.3502772541915596e-07,PL2/WETH - 0.3%,3.938512265286425e-05
223,0xb2c699cdfbee566c53f1fbc9868a8bb828729985,SPIRALBITS,WETH,0.01,30.169446713477843,65.54676238923221,6554.676238923222,3.3033745783165995e-07,SPIRALBITS/WETH - 1.0%,2.658277343687639e-05
224,0xcc730cf3152b7fa0fade113fe8fdd929a1da84d7,FORAIRDROP,WETH,0.01,29.664142100611553,0.11260152926125926,11.260152926125926,3.2480467352738924e-07,FORAIRDROP/WETH - 1.0%,4.5666040291564304e-08
225,0x54bbb1307a886925763c706cc72b5f7776fba87f,WETH,MIM,0.01,28.677295755303113,229.79793230611102,22979.793230611103,3.1399929429469617e-07,WETH/MIM - 1.0%,9.319556084225666e-05
226,0x32fdacf655e9ddfef05e6756354276bb4338fc80,WAD,WETH,0.01,28.554939156539014,207.30549832983945,20730.549832983947,3.126595624736746e-07,WAD/WETH - 1.0%,8.40736564730648e-05
227,0xad6f0c411b75642c700d1231d69c70dea8c2a7ed,WETH,BADGER,0.01,27.630802415791095,104.64622559575314,10464.622559575313,3.025408160304021e-07,WETH/BADGER - 1.0%,4.243974089386814e-05
228,0x222c03e67056d0267d7eb01e71eef55078af87d4,SYN,USDC,0.01,26.661189040455845,46.76374316638248,4676.374316638249,2.9192412754652834e-07,SYN/USDC - 1.0%,1.896524527610061e-05
229,0xe171a9f0b281390a4fb08db3dfa1f530d1ff69d1,BRC,DAI,0.0005,26.175745983584044,57.57171250583677,115143.42501167356,2.8660881544113856e-07,BRC/DAI - 0.05%,2.3348466733235926e-05
230,0x719d752224f26250fa52eede6b92374a8bf4d0cb,esGMX,USDT,0.01,25.27723338701194,52.56108724862556,5256.108724862555,2.76770638102316e-07,esGMX/USDT - 1.0%,2.1316387057791305e-05
231,0x93d4b3b08fe7b3d402a009d955d190aae2f691e3,WETH,INTRM,0.01,25.236390757446575,79.08403504804974,7908.403504804974,2.7632343565442506e-07,WETH/INTRM - 1.0%,3.2072888829091315e-05
232,0xa4f8568092894f3d753eddf5f7e105985d674cea,WETH,AYT,0.01,25.13266161286059,0.0,0.0,2.7518766335302984e-07,WETH/AYT - 1.0%,0.0
233,0xf1a93a6e09c1cd60f971d4265b5defde320641c1,LEVR,WETH,0.0005,24.391022800734472,2.2749357729877833,4549.871545975565,2.6706716044312443e-07,LEVR/WETH - 0.05%,9.226105909256715e-07
234,0x7ac06c6fbd9a3cdfc427630ae5b7f659dd6a78c5,DSLA,WETH,0.003,23.349848371874312,152.1749920442636,50724.99734808787,2.556669210799231e-07,DSLA/WETH - 0.3%,6.171526933595546e-05
235,0x478f58d5fdc90e95d9887add497e41126a3c5597,DAI,renBTC,0.003,22.41836187832237,22.38359427313124,7461.198091043747,2.4546769922455463e-07,DAI/renBTC - 0.3%,9.077770659895122e-06
236,0xe8a0e170594928696990a1cc7c8e95d39f5cb52c,GrIT,WETH,0.01,22.2134784731627,0.3094355967576743,30.94355967576743,2.432243480668384e-07,GrIT/WETH - 1.0%,1.2549304658801457e-07
237,0xea3d27d0b8d525f28365957f50b8ba8da9a618b5,BRC,USDC,0.01,21.655211141111103,0.0,0.0,2.3711165355799275e-07,BRC/USDC - 1.0%,0.0
238,0x19dbe709a390d14a9ce23090b8d269bec08bf210,ALCH,WETH,0.01,19.963929394631908,49.29985707764582,4929.985707764581,2.185931265888045e-07,ALCH/WETH - 1.0%,1.999379101047093e-05
239,0x90d32191e42527f21d12bf331629268b483d503c,WETH,USDs,0.0005,19.636306789622243,0.060570041054496454,121.1400821089929,2.1500585435624047e-07,WETH/USDs - 0.05%,2.456446841433533e-08
240,0x026f76304daccfcdf4c4fa43eab9dd5d5b3e43ca,WETH,VBONE,0.01,18.747508105722947,18.117388220802567,1811.7388220802566,2.0527403857082688e-07,WETH/VBONE - 1.0%,7.3475936701960744e-06
241,0xb0acf0d1815fc21c7bbdd5648d7e8910428ecb86,MNTO,USDC,0.01,18.501113003634245,34.942207654468575,3494.2207654468584,2.0257615907641134e-07,MNTO/USDC - 1.0%,1.4170980219754947e-05
242,0x5be5d44f884b672ca869b04e5010b250ab947d90,WETH,HOP,0.003,18.37704797073059,5.042041853569798,1680.6806178565996,2.0121772091994074e-07,WETH/HOP - 0.3%,2.044824327275387e-06
243,0x3f67e093f88d5b47887c1bfd6f1a8d952f6a9f68,WETH,ARB,0.003,17.987988584263412,0.0011333790786372088,0.3777930262124029,1.9695775255221798e-07,WETH/ARB - 0.3%,4.596473550786193e-10
244,0xe1ec0218f9a12fb772dcbe739f3e7e8773753608,ADoge,WETH,0.003,17.23954045073539,31.44512911188491,10481.70970396164,1.8876269163192456e-07,ADoge/WETH - 0.3%,1.2752724821375116e-05
245,0xbc30887e0e774fcf940b7ebff93a4643431d72a5,WETH,CT,0.01,16.220325401892293,0.10502873273956628,10.502873273956629,1.7760289439016108e-07,WETH/CT - 1.0%,4.259491696514941e-08
246,0xcc364ab0476fb3b76a669e04602b834c554a6d1f,fxAUD,USDC,0.0005,15.98478,64.67171540783508,129343.43081567017,1.750238126455073e-07,fxAUD/USDC - 0.05%,2.6227931546183776e-05
247,0x946c4205f1c39636fa57598d24766ef018f6559e,WETH,DDD,0.0005,15.573802108858679,0.05898648412723326,117.97296825446651,1.7052384971698624e-07,WETH/DDD - 0.05%,2.3922259084436146e-08
248,0x7bc890b59915cf6e9b440cb6b0f1e578c6a192e6,WETH,EVERARBI,0.003,14.834444894737302,0.0,0.0,1.6242832894519684e-07,WETH/EVERARBI - 0.3%,0.0
249,0xa72f7b4b42d7cd6d2958e1e826c0446e6f2b5290,SBM,WETH,0.0005,14.714735554165596,0.00010603092349958294,0.2120618469991659,1.6111758302337999e-07,SBM/WETH - 0.05%,4.300136681056786e-11
250,0x3263b056c74eb3f47a981771a0b384ebe7a00ff7,WETH,ENS,0.01,14.57395877107463,1.6265725593325369,162.65725593325368,1.5957616116405189e-07,WETH/ENS - 1.0%,6.596645765590946e-07
251,0xd3d47f7aec2c8ab63edc7e911e81432ddd62e177,wsOHM,WETH,0.01,14.371125276120404,14.49424635015661,1449.424635015661,1.5735525530115594e-07,wsOHM/WETH - 1.0%,5.878213683242324e-06
252,0xa2e125995d359f3cf3d9e24411ed8150b73e1dc0,WETH,DEGEN,0.01,13.782962091209344,11.531950830655713,1153.1950830655717,1.5091521902409375e-07,WETH/DEGEN - 1.0%,4.6768402796947e-06
253,0x9602a232ed1d7d3f28983ea3c53b29cf82fa1ce8,DAI,BTCV,0.01,13.721960454584082,0.04868272024849649,4.86827202484965,1.5024728746546302e-07,DAI/BTCV - 1.0%,1.9743520564353843e-08
254,0xda5753b1c5766a4a4b35abbe6075658be8b42243,JONES,USDC,0.01,13.457127106297763,28.882722777186423,2888.2722777186423,1.4734752016602276e-07,JONES/USDC - 1.0%,1.1713532918808803e-05
255,0x37eeb4e2ba7f700ea720b2ac9aefac35145ccab5,HOP,USDC,0.01,13.253732182503846,1.1676497799991798,116.76497799991797,1.4512046699199384e-07,HOP/USDC - 1.0%,4.735462275964019e-07
256,0x4fcc5ef68cec404a8bb5c255a94511215ee280e5,LIQD,USDT,0.01,13.128957634714213,13.055755995918478,1305.5755995918478,1.4375426007045596e-07,LIQD/USDT - 1.0%,5.294827424565999e-06
257,0x6dbb1fd71a2d900ee93581e254444b19bb90b830,WETH,LTNT,0.01,12.693271057872094,0.05249587061932614,5.249587061932614,1.3898375176209152e-07,WETH/LTNT - 1.0%,2.1289964949463787e-08
258,0xe942b076372104f93994c3335826eb26040cf201,LIQD,USDC,0.01,12.279351489236767,17.85032552,1785.032552,1.3445157921851327e-07,LIQD/USDC - 1.0%,7.239289793732719e-06
259,0x6f7341a7091329e8207eee04fd6638330bca2ee3,BAL,WETH,0.003,12.244868592828746,2.1628393326660906,720.9464442220302,1.3407401205772707e-07,BAL/WETH - 0.3%,8.771504330776245e-07
260,0x3b1b258ca111b9bae664b5a7ea8fb12ac0656551,fcAUD,USDC,0.0005,11.963545234666737,16.783884659467514,33567.769318935025,1.3099368897966456e-07,fcAUD/USDC - 0.05%,6.806789524117276e-06
261,0xb5a983d972aaa4e55835ddcc72bc74b995216642,iETHV,DAI,0.01,11.768274441949412,0.3031947292922307,30.319472929223064,1.2885559019821764e-07,iETHV/DAI - 1.0%,1.2296216217437986e-07
262,0xa8bd646f72ea828ccbc40fa2976866884f883409,STG,WETH,0.003,11.627159661072316,3.178436446857153,1059.478815619051,1.2731046746460826e-07,STG/WETH - 0.3%,1.2890310602261843e-06
263,0xd70f39f2eaef32b006d667c4db4d83f79f81b86e,SPA,USDC,0.003,11.182599910797032,32.32575264167515,10775.250880558384,1.2244280319635341e-07,SPA/USDC - 0.3%,1.310987391109855e-05
264,0x7ff0c3c09592d189e3974dc7f069809afd841594,4d4b520000000000000000000000000000000000000000000000000000000000,DAI,0.003,11.010852434151522,18.65150022507547,6217.1667416918235,1.2056227070389856e-07,4d4b520000000000000000000000000000000000000000000000000000000000/DAI - 0.3%,7.564211206883713e-06
265,0x2e59f862696cfa57e92f3e0df769ff4e2581763d,FRY,WETH,0.01,10.680343086077256,35.62005784972239,3562.0057849722393,1.1694339035553349e-07,FRY/WETH - 1.0%,1.4445896921451662e-05
266,0x918dbb2e10788e88f8e4dc5de8c77b61b8de11b2,CRV,USDC,0.003,10.592498606671715,3.765270538968626,1255.0901796562086,1.15981545669187e-07,CRV/USDC - 0.3%,1.5270247677476147e-06
267,0x3788156ac53b52b5178c78eae873aba4e2ccb4e6,MCB,WETH,0.01,10.127244013846056,1.6593425100722365,165.93425100722365,1.1088728521097739e-07,MCB/WETH - 1.0%,6.729548920114557e-07
268,0x7367e796c517f3098e8e6cd283a58d3ce3f109ad,WETH,YFI,0.003,9.953531808058719,23.355005388715032,7785.0017962383445,1.0898524010557333e-07,WETH/YFI - 0.3%,9.471742757694037e-06
269,0x0f1a2d7321d9fc3ea801f0facfd8b2afca03a57f,EURS,DAI,0.01,9.602882432123721,0.9893832243183054,98.93832243183054,1.0514583845738604e-07,EURS/DAI - 1.0%,4.0124947788060095e-07
270,0x99aafc776f289099400e37081f3511267470f408,WETH,ARBINU,0.003,9.110775612975958,0.0,0.0,9.975756212727112e-08,WETH/ARBINU - 0.3%,0.0
271,0xde4369e5b14508ce6d5f62c1475be9247ff2519c,DAI,wMEMO,0.01,8.992263985057281,0.020027908052281367,2.0027908052281367,9.845993044506137e-08,DAI/wMEMO - 1.0%,8.122422072862206e-09
272,0x7871ee54fb3bd74ddfd241700b83e8c8dbbe16e5,MAGIC,DAI,0.01,8.865682128589146,0.15594083392623048,15.594083392623043,9.707393457081103e-08,MAGIC/DAI - 1.0%,6.324261546785645e-08
273,0x2e96fbd4e2967d19fd5dfbcae592182f2ccfe282,SPELL,USDC,0.01,8.601779962031783,15.947624415685176,1594.7624415685177,9.418436315623545e-08,SPELL/USDC - 1.0%,6.467642116371108e-06
274,0xf3430a5a8ebdb5b89dc3727edf44326a2a0639b8,WETH,GNO,0.003,8.315117119022204,12.757604630485654,4252.534876828551,9.104557590190121e-08,WETH/GNO - 0.3%,5.1739131313053715e-06
275,0x4c7179515773f8c9dbf6689add4fb20035ebe41a,CTSI,WETH,0.003,8.086718616631831,1.0512696750391142,350.4232250130382,8.854474844660392e-08,CTSI/WETH - 0.3%,4.263479123236363e-07
276,0x6bd22849fb65d1e4b1f7d8c72e42e55861e1ad7d,WETH,YFI,0.01,8.048338768854643,24.66524198058262,2466.524198058262,8.812451199125591e-08,WETH/YFI - 1.0%,1.0003117863499265e-05
277,0x17d51b8cd23d67010f22bdf4184d9a161f641c1f,NEXUS,WETH,0.003,7.895934545319705,0.0,0.0,8.645577659005784e-08,NEXUS/WETH - 0.3%,0.0
278,0xadadd7137d70d0afb3d5d05d75bbdf959f9eaa6a,SPELL,WETH,0.0005,7.8455030666184165,1.7859231730196705,3571.8463460393414,8.59035819599378e-08,SPELL/WETH - 0.05%,7.242904963712021e-07
279,0x5969efdde3cf5c0d9a88ae51e47d721096a97203,WBTC,USDT,0.0005,7.7604211546765995,7.804406645551177,15608.813291102353,8.49719857405825e-08,WBTC/USDT - 0.05%,3.1651180166530956e-06
280,0x6a02d65c215a798e19e3b319b8887585e6f5e93b,WETH,gHDX,0.01,7.220643174718225,12.679139174225135,1267.9139174225136,7.90617386158548e-08,WETH/gHDX - 1.0%,5.142091618848208e-06
281,0x012f107385370dade330cc176f47ea31a9a27b51,CRV,USDC,0.01,7.219190181182814,0.4074621421747799,40.74621421747799,7.904582920275578e-08,CRV/USDC - 1.0%,1.6524841614157528e-07
282,0xdda9a7ebb50b979381cda7bc5b328d97716b1551,OHM,WETH,0.01,6.927346106635244,19.470100712715723,1947.010071271572,7.585031055155661e-08,OHM/WETH - 1.0%,7.896202041295595e-06
283,0xee9d4b2b5581e84106f021b3fccecb6b1c62d32c,ARBISTAR,WETH,0.003,6.803931636726817,0.0,0.0,7.44989956720902e-08,ARBISTAR/WETH - 0.3%,0.0
284,0xa2ab9d2b1b8efa8c41da511ac3e0ab94df59411e,WETH,RAI,0.01,6.7959275590131645,6.872942733530029,687.294273353003,7.441135579226988e-08,WETH/RAI - 1.0%,2.7873582143298393e-06
285,0xa0818e9cb2fd93898ab9e8e22122f559167a2ddd,MockeFIL,USDT,0.003,6.7810415817799985,0.0030016901198732754,1.0005633732910917,7.424836321493675e-08,MockeFIL/USDT - 0.3%,1.2173512786798643e-09
286,0xd6c1e92aab1a0f2b4e80d4a553c925af8c868806,DEGEN,USDC,0.01,6.765233812257599,12.556608865027528,1255.6608865027526,7.407527756150695e-08,DEGEN/USDC - 1.0%,5.092399039023036e-06
287,0xeef86e1a9c8756133f4708bbc1c54f8894115bd5,ARB,WETH,0.003,6.428149500459584,0.0,0.0,7.038440527963159e-08,ARB/WETH - 0.3%,0.0
288,0xf5bfea6dc007d23ca46ce0b793610260dd6287a2,WETH,HYDREN,0.01,6.391272842343731,10.133314888374512,1013.3314888374512,6.99806278550401e-08,WETH/HYDREN - 1.0%,4.109619522604143e-06
289,0x4c57084bfba209f6024ea985a5c4e97f786d3bca,fxUSD,USDC,0.0005,6.096372,12.142104955377924,24284.20991075585,6.67516394185792e-08,fxUSD/USDC - 0.05%,4.9242951187586695e-06
290,0xa5ab8832d4192487ed1330f9fac223e6867bb9f6,aGOLD,WETH,0.003,6.086160504553084,0.0,0.0,6.663982963039748e-08,aGOLD/WETH - 0.3%,0.0
291,0x9e052f8d6594a7d48cae5e722c41192adda96b2d,SUM,USDT,0.003,6.075783488849705,6.8323527215988555,2277.4509071996185,6.652620749407231e-08,SUM/USDT - 0.3%,2.77089692022256e-06
292,0xa82b4fa56e7bf900cff8fc82362dd488506634a7,MAGIC,USDC,0.0005,6.004741205098521,8.667306486449347,17334.612972898693,6.574833683453392e-08,MAGIC/USDC - 0.05%,3.515072186572355e-06
293,0x9f02103188c2efd4b3705799eac8f8190282d0d4,VST,USDC,0.0005,5.476712245995553,18.19993972726508,36399.879454530164,5.996673448470863e-08,VST/USDC - 0.05%,7.381082624762056e-06
294,0x95dc6376c82a4302600bceb795458eedd0ae285c,DUSD,USDC,0.0005,5.439036876281778,10.902909063749734,21805.818127499468,5.955421164422325e-08,DUSD/USDC - 0.05%,4.4217329375238745e-06
295,0xde97ddaae18a5921dfe900d07fe93c612365036d,POP,WETH,0.01,5.359273363252197,0.5561214783097239,55.61214783097238,5.868084872271687e-08,POP/WETH - 1.0%,2.25538034220279e-07
296,0xe7b4d32a57fad8021cb9ac4ed8d6d70522b73d38,Mock abc,USDT,0.003,5.356178203676133,0.05455107001657167,18.18369000552389,5.8646958570350114e-08,Mock abc/USDT - 0.3%,2.212347765699185e-08
297,0x5490cc3a19c4f693868fadee28628f48da313cf0,BRC,DAI,0.01,5.182837433794997,4.1648103197412265,416.48103197412263,5.674898046671004e-08,BRC/DAI - 1.0%,1.6890610875932606e-06
298,0x4e335c2a3638032d99b3e482a06a53a4ab266146,WETH,BRC,0.003,4.950627269345034,4.7581655427924625,1586.055180930821,5.420641758395077e-08,WETH/BRC - 0.3%,1.9296995148101947e-06
299,0xb8715c2adf3d0cfae12d5bcbb88492012325832d,DAI,HOP,0.01,4.866735161345056,0.009128327953487553,0.9128327953487553,5.328784900852934e-08,DAI/HOP - 1.0%,3.702042312784002e-09
300,0x3277e3d5a08cb829a30c9144871c6d5ba45e20ec,MFG,WETH,0.01,4.494486713961294,2.173459001736444,217.34590017364445,4.9211950402951005e-08,MFG/WETH - 1.0%,8.814579767563303e-07
301,0x02b612832821b3cf8f18d234fa169bfa59623f97,WETH,SPA,0.003,4.37147966420046,777.1522270805453,259050.7423601818,4.786509653124199e-08,WETH/SPA - 0.3%,0.00031517826542535004
302,0xbd22d3b0b916b11c6413c18cfb7597e65cf84f58,USDR,USDC,0.01,4.314630738533415,4.262445237963133,426.24452379631333,4.724263468221765e-08,USDR/USDC - 1.0%,1.7286576006553483e-06
303,0x74c1f85e5429ea828bedb2bb90ddbe2cb1c0fb31,MAGIC,DAI,0.003,4.005115451838394,0.037501511901881904,12.500503967293966,4.3853626791622365e-08,MAGIC/DAI - 0.3%,1.520894040218477e-08
304,0x8ad86ab4151ecb552527c55825fe0e8dcfc16f64,WETH,BADGER,0.003,3.806358531029529,6.620873097764155,2206.957699254718,4.1677356985616356e-08,WETH/BADGER - 0.3%,2.6851308453695036e-06
305,0xd2d85249a3238dc6d7151fc4e550ca8b23285a8a,CAP,USDC,0.01,3.8032709742309363,1.5078423594176296,150.78423594176294,4.164355007913098e-08,CAP/USDC - 1.0%,6.115136131886188e-07
306,0x4e7a8b5a3c7a5fd8729f042cb42240790eca98de,LRC,DAI,0.003,3.7023887687688477,0.530321871252702,176.773957084234,4.053895006411281e-08,LRC/DAI - 0.3%,2.150749014900614e-07
307,0x7a3e4da2cf488c9c1f62bfa3abaa92c19c30c7c1,WETH,RPL,0.01,3.396522140613825,2.5562479886544622,255.62479886544622,3.71898928096046e-08,WETH/RPL - 1.0%,1.0367002210590067e-06
308,0xec9961b8e9d777dcaa2685a88a0839eff48c2035,UBT,USDC,0.003,3.3000010566757,3.3,1100.0,3.613304447565645e-08,UBT/USDC - 0.3%,1.3383328916833374e-06
309,0xc79ed7ef3bea25f168cfb8bb4ffd4e3564f40db8,fxEUR,USDC,0.0005,3.2053150546420737,7.84958628148469,15699.17256296938,3.509628919469009e-08,fxEUR/USDC - 0.05%,3.183442304875236e-06
310,0x19b7b895e534eb8991d00e0bf6c0785c829445b9,WETH,SUSHI,0.0005,3.1849402594827203,0.03981138136548619,79.6227627309724,3.487319733289022e-08,WETH/SUSHI - 0.05%,1.614572174479792e-08
311,0x7194b49ed1af4476a1a6f6dc7157038f832bf099,glpUSDC,USDC,0.01,3.138489,4.4346013858110345,443.4601385811035,3.436458373064787e-08,glpUSDC/USDC - 1.0%,1.7984766642401077e-06
312,0x5b7b2abb67ac59ac51ce32362cf59c7d33904d2c,SUSHI,USDT,0.003,2.5991003777077406,0.005706004210249859,1.9020014034166197,2.8458599840272233e-08,SUSHI/USDT - 0.3%,2.3141011060321146e-09
313,0x67d3e181e6dcc47f977c3a4b33ac65454b87b997,WBTC,USDT,0.01,2.5447992728463182,0.061968752739762,6.196875273976199,2.7864035110341032e-08,WBTC/USDT - 1.0%,2.5131765548929162e-08
314,0x84065d8b226db6b70295f1bfd1b9421db2e870a4,KROM,WETH,0.01,2.490312989957858,2.6425526567657878,264.2552656765788,2.7267442791396393e-08,KROM/WETH - 1.0%,1.0717016439122058e-06
315,0xd401d9419520a7086f38171e146b0952a63baadf,ArbiFLUX,WETH,0.003,2.425478842739376,8.790780740131947,2930.260246710649,2.655754752628803e-08,ArbiFLUX/WETH - 0.3%,3.5651491021119176e-06
316,0x9f456eafdf34e54fb4bafe2c6b6530aafb4d2492,DOG,WETH,0.003,2.3907936893885333,5.7646817078713815,1921.560569290461,2.6177765772541114e-08,DOG/WETH - 0.3%,2.3378981336935167e-06
317,0xce8f9e86272cf1f81c90f8457c79dfebf270c6ad,SUSHI,USDC,0.003,2.2589021003077256,0.4838907992848441,161.29693309494797,2.4733631491256196e-08,SUSHI/USDC - 0.3%,1.962445576024624e-07
318,0x52071def0fed8b9eae81824fe6df0ddf09cde3a2,SPRKL,WETH,0.01,2.148011564102595,0.0037779302621240287,0.3777930262124029,2.351944622045944e-08,SPRKL/WETH - 1.0%,1.5321602771960567e-09
319,0xae7c4f3750d2059beed9bf6c9f9c2b78d869db05,CELR,USDC,0.01,2.1175312836748557,8.968331889900714,896.8331889900714,2.318570531874123e-08,CELR/USDC - 1.0%,3.6371560518361177e-06
320,0x07835da5e45d49e26c4158c70424ce052225d322,MockmFIL,USDT,0.003,2.030899406017433,0.037247329627208274,12.415776542402755,2.2237137898717852e-08,MockmFIL/USDT - 0.3%,1.5105858392075472e-08
321,0x3a67e26bbf3450e8a751c5d5a6d2b10b830be0a2,WETH,EURS,0.01,2.029655532483136,2.2592784545525793,225.92784545525797,2.2223518224976864e-08,WETH/EURS - 1.0%,9.162627428209936e-07
322,0x052fb69ea8d640b35b9f3ba88f10c73db0b60d8e,TUSD,DAI,0.003,2.0084278362285337,0.0077537019313178935,2.5845673104392977,2.1991087604589145e-08,TUSD/DAI - 0.3%,3.144556262806379e-09
323,0xaf09c5b93bf3abf9ca36793a3f2077ad360c7651,USDT,HOP,0.003,1.9885907529158686,0.0473675574924827,15.789185830827567,2.1773883366986298e-08,USDT/HOP - 0.3%,1.921017227405644e-08
324,0xe3628a6130050088500db82b9ae7e05a9841238a,WETH,ADYL,0.01,1.9721751770922518,0.10239121800897201,10.239121800897202,2.1594142596864916e-08,WETH/ADYL - 1.0%,4.152531911411829e-08
325,0x131ea7c986b2b8191530afe28243d57c322b60e0,DPX,USDC,0.003,1.9471868132880716,0.9438152963815268,314.6050987938422,2.1320534908502575e-08,DPX/USDC - 0.3%,3.827694623334765e-07
326,0x573851411ee6b4e82b9df1dab160b0d2bd0c1f3f,ARBI,WETH,0.003,1.7511034007404656,0.0,0.0,1.917353842430799e-08,ARBI/WETH - 0.3%,0.0
327,0xd8737716902865cf82978d5112a4741b3e4b90ef,SUSHI,USDC,0.01,1.68806,1.68805862,168.805862,1.8483250765689297e-08,SUSHI/USDC - 1.0%,6.846014358796145e-07
328,0x304baac971c4596f63857dfe3eccfecd44ec5155,WETH,SWPR,0.003,1.629292621809224,0.0008622186901609958,0.2874062300536653,1.783978300509891e-08,WETH/SWPR - 0.3%,3.4967752292592523e-10
329,0x53e009ba6132cae973cc6ac5f19d92a76fedc4e4,Mock-DFL,USDT,0.003,1.6078099987679726,0.016316796664109737,5.438932221369913,1.7604561088356482e-08,Mock-DFL/USDT - 0.3%,6.617366472053262e-09
330,0x323e1a5e6a9873eafab0abd21643f602c3f9aed5,FF,WETH,0.003,1.604055513629429,0.0011333790786372088,0.3777930262124029,1.7563451714097417e-08,FF/WETH - 0.3%,4.596481081616486e-10
331,0xb4da4be96d97e986abc67eab498ba68c7768ee57,GOO,WETH,0.01,1.516569451142012,6.567403572366521,656.740357236652,1.6605531479355945e-08,GOO/WETH - 1.0%,2.6634466004184697e-06
332,0x4fe41e2abed48dbc146f647aa930ac12a568d453,WETH,DXD,0.01,1.503058186245543,0.5317684864175062,53.17684864175062,1.6457591182658496e-08,WETH/DXD - 1.0%,2.1566163152079053e-07
333,0x5ba6ee6458653b8d0e8b68a6627d0943178d22b9,COMP,USDT,0.003,1.499398027708588,0.0,0.0,1.6417514628459764e-08,COMP/USDT - 0.3%,0.0
334,0x3c785dcaa3cea68dd29de6c7f5769cc102b71109,BOND,USDT,0.003,1.4992930696679805,0.0,0.0,1.641636540047946e-08,BOND/USDT - 0.3%,0.0
335,0x782fcee1e5223114dbda3a7bf5826ef7a7f8bb00,USDT,HOP,0.01,1.4500962374744721,2.4522832945524237e-05,0.0024522832945524232,1.5877689413660185e-08,USDT/HOP - 1.0%,9.945369696843843e-12
336,0x1fcbc3429d6a88239b963f05354cf9ccc3fe49a3,BOO,WETH,0.01,1.3795926521810213,2.939543026928756,293.9543026928756,1.510571718112164e-08,BOO/WETH - 1.0%,1.192147840897711e-06
337,0x5766da927bcb6f60cefdc559ea30ddd3a4c5db0f,WETH,USDs,0.003,1.3535145592702131,9.281634758432071e-05,0.030938782528106903,1.4820177608617455e-08,WETH/USDs - 0.3%,3.764218031427282e-11
338,0xe85b0cbc0c5f1cc6e0554f9d56cda71eaa555c4c,F24,WETH,0.003,1.257031328601093,25.955434429690385,8651.81147656346,1.3763743745400987e-08,F24/WETH - 0.3%,1.0526369306621278e-05
339,0x5c67c91ea5ed20ff77ad19b14ca807814b2e9b21,DAI,HOP,0.0005,1.1960999096108145,0.0007135835296236309,1.427167059247262,1.3096581028017362e-08,DAI/HOP - 0.05%,2.8939773017694595e-10
340,0x6f9b9c71d0bb0025a1404604e2419b3c8997827a,WETH,HDX,0.003,1.160101986461325,4.7704088394437205,1590.1362798145738,1.2702425227503147e-08,WETH/HDX - 0.3%,1.9346655826667926e-06
341,0x291d577052c9a312006fff1abfb38a323a7355e7,CUDL,WETH,0.01,1.1133485547258466,1.1193817713266658,111.93817713266658,1.2190503019214708e-08,CUDL/WETH - 1.0%,4.5397144560630246e-07
342,0x260d6d6c3ea3daf5d53442fc375054a3b023d38b,LPT,USDC,0.01,1.0429940972026372,0.6834143009722652,68.34143009722652,1.1420163646866856e-08,LPT/USDC - 1.0%,2.7716243759754e-07
343,0x5af3366bdc069fe6f4e62d8383347b12f1429e50,WETH,ARBINU,0.003,1.0247705710489052,0.0,0.0,1.1220626898330354e-08,WETH/ARBINU - 0.3%,0.0
344,0x60a74d6e99dd01efa78e8db34a1809a678b90afb,pp,USDC,0.01,0.950332,1.2069361289728093,120.69361289728096,1.0405568917372038e-08,pp/USDC - 1.0%,4.89479605788826e-07
345,0x7cac3e2544a5001f93713e464d9203cad48bc7b6,SWPR,USDC,0.003,0.8654887162363101,0.027607509279060614,9.202503093020207,9.47658553432356e-09,SWPR/USDC - 0.3%,1.1196377794140719e-08
346,0x31e3616216ddfb6890bf53f4dd006f6793fec4b8,MIM,USDC,0.01,0.8497359843806934,63.28577932,6328.577932,9.30410251053766e-09,MIM/USDC - 1.0%,2.5665897209965244e-05
347,0xb64ae5b0125a3fef885be6f348d8c37d9db3769a,ArbiFLUX,WETH,0.0005,0.8290383374130227,2.1171307038082374,4234.261407616475,9.077475613885191e-09,ArbiFLUX/WETH - 0.05%,8.586140475842779e-07
348,0x1d1dbbe1a8efdedadb25b9a55d6f440253fff099,DHT,WETH,0.003,0.7499032102411888,0.007080036792629657,2.3600122642098853,8.21099314294712e-09,DHT/WETH - 0.3%,2.871348039465383e-09
349,0x8637ed2328dd24df1a86c6c6dc75dcd8c8078db3,FXS,USDC,0.01,0.6652979591973492,1.2342510032920355,123.42510032920356,7.284616076292273e-09,FXS/USDC - 1.0%,5.005573180331271e-07
350,0x0f29a8f17fc8bd7123cc6a768e93976807e81ccc,ASWAP,WETH,0.003,0.5630310468058903,0.0,0.0,6.1648543458063225e-09,ASWAP/WETH - 0.3%,0.0
351,0x59e59d56df66a66a5cc4f32043245c42eb6a3624,SIPLEAN,USDT,0.01,0.5443400257930264,0.08122591563195068,8.122591563195067,5.960198807230957e-09,SIPLEAN/USDT - 1.0%,3.294161954648024e-08
352,0x0abafd5d73d932e6f75def9d847f1401b25c8b65,LON,WETH,0.01,0.5021227049092295,0.8421324280845981,84.21324280845981,5.497944308841806e-09,LON/WETH - 1.0%,3.4153146757412766e-07
353,0x0d18d9eb6fbaafdfa53885e2f72a6f87f34272ca,DXD,USDC,0.01,0.500005,113.89298499,11389.298499,5.474756702426737e-09,DXD/USDC - 1.0%,4.618993049198038e-05
354,0xecd356edc914491e6bd32d4294b58d02861fc5cb,DAI,BEVY,0.003,0.4698826734489823,0.13193811409621442,43.9793713654048,5.144935182286197e-09,DAI/BEVY - 0.3%,5.350823264698338e-08
355,0xa9e4c813c7de000bce82eb533647bbcbe611756d,AYT3,WETH,0.01,0.39666038078619303,0.0,0.0,4.343194724645458e-09,AYT3/WETH - 1.0%,0.0
356,0xfc5980b19697c81915e1b9b6c6a17605dcf84858,ART,WETH,0.01,0.35634377363238556,0.0,0.0,3.901751908604792e-09,ART/WETH - 1.0%,0.0
357,0x1cb742db3457b3aadbb0268fbf587a2cbb6ce17a,U,USDT,0.0005,0.3499201658744404,0.03879679723948692,77.59359447897384,3.8314172326984094e-09,U/USDT - 0.05%,1.5734256107663006e-08
358,0x1087a3254c35a7809cd6112422ea195ecda6e993,DODO,WETH,0.003,0.3488996438918585,0.7503281783061029,250.10939276870096,3.8202431253112554e-09,DODO/WETH - 0.3%,3.04299750584912e-07
359,0x5aac9a232083921d2164cddf33270ff0f3982118,WETH,YAPE,0.01,0.3314623584264923,14.17811632426358,1417.8116324263578,3.629315243642788e-09,WETH/YAPE - 1.0%,5.7500136520266985e-06
360,0x7f6bae32b47b44f7d3eb5d5f8d8ce33434586b84,AAVE,DAI,0.003,0.31080514811726895,0.5662839023817502,188.76130079391675,3.403131104296463e-09,AAVE/DAI - 0.3%,2.2965957549466084e-07
361,0x77fc5f13dd0e2270c161e32ddff92ad9762caf3e,hUSDC,USDC,0.01,0.307655,0.0015873600000000001,0.158736,3.3686388601815942e-09,hUSDC/USDC - 1.0%,6.43762646860987e-10
362,0x894f98002aa470d89e3291bbdedb445d60dd14be,WETH,Z2O,0.0005,0.3075817003990181,0.8536092890814534,1707.2185781629069,3.3678362732439418e-09,WETH/Z2O - 0.05%,3.4618597881276446e-07
363,0x7b001cb8ab2747c005c28a3f05bbfbc9bc91cdf5,WETH,renDOGE,0.01,0.24633413962054554,0.0,0.0,2.6972119917282934e-09,WETH/renDOGE - 1.0%,0.0
364,0xb2bf876f404ca74416b76508f8d000be5506fb65,WETH,pETH,0.01,0.21737826833677928,0.017132878650299187,1.7132878650299188,2.380162461452786e-09,WETH/pETH - 1.0%,6.948333968246323e-09
365,0x5d5e10c3a3ecb1602aacc5fc04fc8ade5f8affce,GNX,WETH,0.003,0.21206184702609387,0.0006361855409974977,0.2120618469991659,2.3219508171620303e-09,GNX/WETH - 0.3%,2.5800857504427436e-10
366,0x5715edc4de487302b6cbe4bd0e8d826cd1b53881,OPN,WETH,0.003,0.2120618469991659,0.0006361855409974977,0.2120618469991659,2.3219508168671847e-09,OPN/WETH - 0.3%,2.5800857504427436e-10
367,0x0c527f37a85a02c607d3d22badb33eea3d77c708,WETH,IMX,0.01,0.1982677421955472,0.7709586086931499,77.095860869315,2.170913591784259e-09,WETH/IMX - 1.0%,3.126665406597196e-07
368,0xf97e65315f47d3b188d496692ec95d980467509e,WETH,MATH,0.01,0.1976291524974495,0.4827589846709539,48.27589846709539,2.163921415246502e-09,WETH/MATH - 1.0%,1.9578558435837072e-07
369,0xac191a89ebc04faee4f2954fb69f91bfa32e436e,WETH,CLT,0.003,0.17628260814699245,8.138254130526493e-07,0.0002712751376842164,1.9301894790532356e-09,WETH/CLT - 0.3%,3.300514116975642e-13
370,0xa56604d23e474c80e30436fa83e7154937545d09,VOLT,WETH,0.01,0.17383255750696996,0.0001776555523177394,0.01776555523177394,1.90336288499368e-09,VOLT/WETH - 1.0%,7.204919496530028e-11
371,0xeaa8dbd7f9bd65b7ad1c419ef9cb2237b2293458,WETH,deGFI,0.003,0.17027842328500598,5.0577749490595834e-06,0.0016859249830198611,1.8644472338441486e-09,WETH/deGFI - 0.3%,2.051208694413173e-12
372,0xd34fabcf3551d81d2c91f9e35a80f60288a27df5,WETH,NITRO,0.01,0.16587500786877168,0.16587500786876838,16.587500786876838,1.8162324598646925e-09,WETH/NITRO - 1.0%,6.727152985313395e-08
373,0xb8d5a45d8d702f3ba6c9e73f0f25872c316a7b34,lqETH,WETH,0.0005,0.14052689681086442,0.3199854675389819,639.9709350779638,1.5386857535154858e-09,lqETH/WETH - 0.05%,1.29771882233832e-07
374,0x0cee18a40d049f40e37f22873a6a3cfe2063af26,SPA,USDC,0.0005,0.13710647645263555,0.0001854021275338047,0.3708042550676094,1.5012341894684656e-09,SPA/USDC - 0.05%,7.519086180223873e-11
375,0x5d87982689783cd8cc63eaf0b122c000e8622f2c,ArbiFLUX,USDC,0.0005,0.12685977754752037,0.19708554977312892,394.17109954625784,1.3890389444038602e-09,ArbiFLUX/USDC - 0.05%,7.992913861623414e-08
376,0x2849d4d4999369297544a32304b8f51362ab592e,WETH,GTPS,0.003,0.1115626097951698,0.24369234000706133,81.23078000235377,1.2215440759918894e-09,WETH/GTPS - 0.3%,9.88307812336151e-08
377,0x4d71a211f05f77fdd2c3abb96d5162b13ff6add5,CELR,WETH,0.0005,0.10845212778792462,0.0,0.0,1.1874861521372414e-09,CELR/WETH - 0.05%,0.0
378,0x4043f7cff6fa467b073db94b753674a42809bbb5,WETH,LSP,0.003,0.10627114505714941,0.10070148663618725,33.567162212062414,1.1636056912954725e-09,WETH/LSP - 0.3%,4.0840046923997413e-08
379,0x4968a54726686548a66bf7f6884fab89bd5f50e9,BRC,USDC,0.003,0.10349328022502231,0.0,0.0,1.1331897272388665e-09,BRC/USDC - 0.3%,0.0
380,0x6d197fea98dd83ddd9453c82d93b86edde5a8171,SPX,USDT,0.01,0.09979251765819813,0.0009976724422671068,0.09976724422671068,1.0926685831166865e-09,SPX/USDT - 1.0%,4.046115975483834e-10
381,0xe1aa2dc4013de0c1dd9cca31818956d03a1e377e,LEVR,DAI,0.0005,0.09933130866713395,1.0349341937629422,2069.8683875258844,1.0876186195862255e-09,LEVR/DAI - 0.05%,4.1972330774580444e-07
382,0x59561a1b0bd8c495836cbca08d2f15e1948bcdad,LON,USDT,0.003,0.09652778075968453,0.020454230574815328,6.818076858271776,1.0569216601523216e-09,LON/USDT - 0.3%,8.295326764157712e-09
383,0xc94560e81ce1a78b2a5f686a9a913e8560c00234,SPA,WETH,0.01,0.09225941687930676,0.0013222995388049038,0.1322299538804904,1.0101856199877345e-09,SPA/WETH - 1.0%,5.362659191233195e-10
384,0x3796481bb585ff00edbcd1f03849a63d43dc1bbd,USDT,HOP,0.0005,0.08326177428679786,0.0008281359328342526,1.6562718656685047,9.116667969972075e-10,USDT/HOP - 0.05%,3.358551255197241e-10
385,0x1e2c2098a0b58aee449b5fcd7c4891f3c4c9145d,ALCH,DAI,0.01,0.08231193977537803,0.00011329287511478752,0.011329287511478752,9.012666752832408e-10,ALCH/DAI - 1.0%,4.5946554529468825e-11
386,0xfb2c60136f3a7a025195da953f602507cf560256,SPA,USDT,0.003,0.08192584776265598,0.00022972829589054718,0.0765760986301824,8.970391978892077e-10,SPA/USDT - 0.3%,9.316758590343856e-11
387,0x3d627f8c51dc42f1ca951a37c5cb037720638ef0,DEV,USDC,0.003,0.08081714442731606,0.28123124129021426,93.74374709673809,8.84899557253304e-10,DEV/USDC - 0.3%,1.1405489137927228e-07
388,0xd595f9bbe4d94ac7175ed52843edccf5caa825f2,FLUX,USDT,0.003,0.07376260452990023,0.10910297391452467,36.36765797150822,8.076565505115431e-10,FLUX/USDT - 0.3%,4.42473168722886e-08
389,0x4786d00124c83de03a900c9f625591489e016c45,WETH,AMY,0.0005,0.05982034203941461,0.03136513168720115,62.73026337440229,6.549970870726194e-10,WETH/AMY - 0.05%,1.272030333038273e-08
390,0x04664a27cda2e76a570250b3a8154be5c09d11c1,LAND,WETH,0.0005,0.0341399455310282,0.14356255475367583,287.1251095073516,3.738120531124296e-10,LAND/WETH - 0.05%,5.8222591451330246e-08
391,0xa85546a6d7075be236c858fc689c8b8b9eea8d14,SYN,WETH,0.003,0.032841284941870254,1.3030403997486215,434.34679991620715,3.595924937786831e-10,SYN/WETH - 0.3%,5.284552714958703e-07
392,0x59fec0cde079a407b5289e04ed99026394a65e20,NITRO,WETH,0.01,0.01678971162287187,0.017184135366098294,1.7184135366098294,1.838373341049187e-10,NITRO/WETH - 1.0%,6.969121553438908e-09
393,0xf327cb42c771d6aa361b1e417e5759330bd55721,4d4b520000000000000000000000000000000000000000000000000000000000,WETH,0.003,0.01428118266278742,7.31977022190505e-06,0.0024399234073016834,1.563704372989789e-10,4d4b520000000000000000000000000000000000000000000000000000000000/WETH - 0.3%,2.96857347464424e-12
394,0x0584ddc289b3dbedb0a2e8e6b05cec22ba3f6497,JONES,WETH,0.0005,0.00955928181441955,1.7415616448571416e-06,0.0034831232897142832,1.0466843768338208e-10,JONES/WETH - 0.05%,7.062999997391131e-13
395,0x4a8526350e89f3680239985389eefe17466f2b08,WETH,BEVY,0.003,0.009384108117903998,0.00895684585287059,2.9856152842901964,1.0275039012568288e-10,WETH/BEVY - 0.3%,3.6324985924776294e-09
396,0x91d89ac6470db07ead38bf743c63925f0ed32503,SWAN,WETH,0.003,0.0044266436600957915,0.0,0.0,4.846910940363448e-11,SWAN/WETH - 0.3%,0.0
397,0x784db0b2219aab9f45a3cd1f9c6bc283f278f775,ULC,WETH,0.003,0.003716131064652717,0.0004055023484006698,0.13516744946688994,4.0689420012407217e-11,ULC/WETH - 0.3%,1.6445373012360292e-10
398,0x49f5fe2e387a63235518b65423e22398cb07b7c2,IMX,USDC,0.0005,0.003146595794635626,0.010514149931731484,21.028299863462962,3.445334829953536e-11,IMX/USDC - 0.05%,4.264071915416037e-09
399,0x77008156f176c87e69be6e2f25a52fbc3e7f3508,BUCK,WETH,0.003,0.0026871432877905587,0.0025755946912453588,0.8585315637484529,2.942261722425252e-11,BUCK/WETH - 0.3%,1.0445467356132662e-09
400,0xccbe279b58c170da630d56e2d799f3463f76f540,HOP,USDC,0.003,0.0015389341190738196,0.012669864,4.223288,1.6850411261872545e-11,HOP/USDC - 0.3%,5.138333732542577e-09
401,0xf96ac67457f8df37dc4c8accaf9260a773b93ff5,WETH,ICE,0.003,0.001118508061532676,0.0,0.0,1.2246996543223279e-11,WETH/ICE - 0.3%,0.0
402,0x39ed46429436a2775cfe95a36f70be25fe75663f,HOP,USDC,0.0005,0.0010053328418296664,5.026664209148332e-07,0.0010053328418296664,1.100779534999987e-11,HOP/USDC - 0.05%,2.0385915957274327e-13
403,0xc8d95e87a3d84e02f000496067db16fb09203cec,WETH,USDR,0.003,0.000850625650741668,0.0005893728745016675,0.19645762483388918,9.313843826869835e-12,WETH/USDR - 0.3%,2.390234435275665e-10
404,0xbffe9ce360e3ee69dee03080ef077e59a0940fd2,LRC,USDT,0.003,0.0006550668493017295,0.0042551211351445056,1.4183737117148354,7.172591521589202e-12,LRC/USDT - 0.3%,1.7256880158066721e-09
405,0xaf773d842787cb1b238fe3c8dad6292c3910b5d2,WETH,BRC,0.01,0.0005006367034751002,0.0005006367034697829,0.05006367034697829,5.481673478927474e-12,WETH/BRC - 1.0%,2.03035996397025e-10
406,0xdbad62b45149a65cbf217dc4a55a9ea0c157fe03,FCI,WETH,0.0005,0.0004291253685459667,0.002090779619825565,4.18155923965113,4.698666988586864e-12,FCI/WETH - 0.05%,8.479272902262035e-10
407,0x97830871eefc7fb52892ab578b42c17622df8fd7,MAGIC,USDT,0.0005,0.0003899092481463601,5.000394642020229e-09,1.0000789284040458e-05,4.269273846516445e-12,MAGIC/USDT - 0.05%,2.0279378269624662e-15
408,0x9f014874e5dd1550dadd370798a62c1c1fcda7ca,BUCK,DAI,0.003,0.00037285060748779025,0.030304286003020847,10.101428667673616,4.082491899776323e-12,BUCK/DAI - 0.3%,1.2290071545211327e-08
409,0x27e47c356f7e060d71c1216650f383ced01dac3e,WETH,ABC123,0.003,9.620539897578666e-05,0.0,0.0,1.0533917717869349e-12,WETH/ABC123 - 0.3%,0.0
410,0x56e24bf94b601d01a12ff9086ef38783f468439b,LPT,WETH,0.0005,2.0786527772537252e-05,0.0025581410566598802,5.11628211331976,2.276000884848708e-13,LPT/WETH - 0.05%,1.037468317421017e-09
411,0xcfb31fad92a6e7b4d084ea4c4493d507481460b9,NYAN,USDC,0.003,4e-06,7.508676906,2502.8923019999997,4.3797615643257466e-14,NYAN/USDC - 0.3%,3.045185634098782e-06
412,0x3075fc70c52266577aac5abd3632dfe067db5204,DAI,HOP,0.003,3.850580576517702e-06,3.850651308233181e-06,0.001283550436077727,4.216156202342877e-14,DAI/HOP - 0.3%,1.5616530305606333e-12
413,0x893f28dda6cd1430c0f1293f1a57e408efb387f0,DAI,DUSD,0.0005,3.4653254168665346e-06,0.4201344375953507,840.2688751907015,3.794324767168286e-14,DAI/DUSD - 0.05%,1.703878552469443e-07
414,0x5eb9fe3f091b880108cbdcc9e391721bce3e13f2,CELR,USDC,0.003,3e-06,5.398011854661549e-05,0.01799337284887183,3.28482117324431e-14,CELR/USDC - 0.3%,2.1891936966120823e-11
415,0x4bba5c2be4a6c2343302bb05562c3fde12ab3b19,GRT,USDT,0.01,2.9996675667244907e-06,0.05980170850652317,5.980170850652318,3.2844571786236156e-14,GRT/USDT - 1.0%,2.425291511652712e-08
416,0x1557fdfda61f135baf1a1682eebaa086a0fcab6e,LUSD,USDC,0.0005,1e-06,5.085328959871863e-06,0.010170657919743725,1.0949403910814366e-14,LUSD/USDC - 0.05%,2.0623834115033826e-12
417,0xf4d849df5a8894042f4944f412d0c7cba94f9be0,CARBON,USDC,0.003,9.991194574579963e-07,0.015985499682111468,5.328499894037156,1.0939762494861313e-14,CARBON/USDC - 0.3%,6.483008204411226e-09
418,0x1a095165b58b010de7b31b84fc2016ec048e8551,MFG,USDC,0.01,9.990580940904385e-07,1.002521445548096,100.25214455480959,1.0939090602564595e-14,MFG/USDC - 1.0%,4.065781418055761e-07
419,0xf294631c821a61a39efc997cb881dde1319ff030,AMY,USDC,0.01,9.986854727276734e-07,4.129564941096308,412.9564941096308,1.0935010620757882e-14,AMY/USDC - 1.0%,1.6747680038888911e-06
420,0xdb32c697ee537d563d3b939db61fb1e9956c89c6,Staked IMX,USDC,0.0005,9.963157135333093e-07,0.0004136726280617167,0.8273452561234333,1.0909063170167424e-14,Staked IMX/USDC - 0.05%,1.677672324916795e-10
421,0xf533158e7d28e06f2dd70ea566d01acaeb2a1a8f,iBTCV,DAI,0.0005,6.559308550519597e-07,6.531452011049332e-07,0.0013062904022098664,7.182051869529738e-15,iBTCV/DAI - 0.05%,2.6488666489253883e-13
422,0x990265266b06fff2277bede2bcb522cf4fe25146,WETH,BADGER,0.0005,8.159401224442213e-14,8.325920615247111e-05,0.16651841230494221,8.93405796768111e-22,WETH/BADGER - 0.05%,3.376623360627995e-11
423,0xec7fa965d8f6fd2918f7aec88e041c48a554b5bc,HND,WETH,0.0005,2.3072645202241526e-14,5.493486951761017e-08,0.00010986973903522034,2.526317116102557e-22,HND/WETH - 0.05%,2.2279141526586346e-14
424,0x82e9766c0ab249c9fcf29ade349a1a846d413829,WETH,HOP,0.01,1.802841119363811e-14,0.33547381889050804,33.547381889050804,1.9740035602939064e-22,WETH/HOP - 1.0%,1.3605327099448381e-07
425,0xb88baab3d06d9aad7e1770ccd4346708ea6d1f3d,WETH,FLUX,0.0005,8.083616935053303e-15,0.11063413671766091,221.26827343532182,8.851078688219789e-23,WETH/FLUX - 0.05%,4.4868288779940256e-08
426,0x26b902e4ba458dc80db0b0921cb6392e52fcef63,ZIPT,WETH,0.0005,7.67039074178909e-15,0.04795296262446566,95.90592524893133,8.398620638561977e-23,ZIPT/WETH - 0.05%,1.9447590397699963e-08
427,0x025b3677c8077d6d342659e2a7ef0df18581e16c,WETH,HOP,0.0005,6.893043668730675e-15,0.0008411751409615397,1.6823502819230796,7.547471930381387e-23,WETH/HOP - 0.05%,3.4114325161218e-10
428,0x06eb7a458278aa56965a3edcb166b5c4e3792213,WETH,GOLD,0.003,6.844530324395958e-15,0.0,0.0,7.494352710162863e-23,WETH/GOLD - 0.3%,0.0
429,0x0fa75a2f3ae5f071f08e59336f5904f23f601e6d,L2DAO,WETH,0.003,6.264315703552221e-15,0.1327189502175096,44.239650072503196,6.859052286305053e-23,L2DAO/WETH - 0.3%,5.3824907588212224e-08
430,0x1aefd3f727f4ba92a57d1cdbabb0f4da5f4435a5,WETH,VISR,0.01,4.044740640307679e-15,0.13287939757012418,13.287939757012419,4.4287498985214705e-23,WETH/VISR - 1.0%,5.3889977903439244e-08
431,0xc0220e40dbf69f3c3b63edcd8bc349e6355cd201,0xBTC,WETH,0.0005,3.3990662559258933e-15,0.0001699533109342862,0.33990662186857235,3.721774935575212e-23,0xBTC/WETH - 0.05%,6.892550943446051e-11
432,0x5873bf159c53bc6704538532b7991b782bc4f660,TSTARB,WETH,0.003,3.1082440980558218e-15,0.09324732294166815,31.082440980556054,3.403342008301809e-23,TSTARB/WETH - 0.3%,3.781696985967652e-08
433,0xff93b8282eb7d31eaf3b3289c247b24b977501b9,WPC,WETH,0.01,3.0999660086868464e-15,0.19489895682878855,19.489895682878853,3.394277993890736e-23,WPC/WETH - 1.0%,7.904235471389758e-08
434,0xe518ddde14e2c468e19ec8f6bb0087bd4f400040,WETH,GOKU,0.01,2.9681385245830054e-15,0.0732471537940722,7.3247153794072215,3.249934756890794e-23,WETH/GOKU - 1.0%,2.9705790149818172e-08
435,0x88d60ff9b5d8a70004ef2cd4670737c2a4c9ecdf,WETH,brGFI,0.003,1.9361957484098573e-15,5.8085872452289914e-05,0.019361957484096637,2.1200189299741043e-23,WETH/brGFI - 0.3%,2.3557048272317573e-11
436,0x2bcfb04e64cacfacd2ea9c1db76a0ca999bcb65a,WETH,LUSD,0.0005,1.8975160665766628e-15,0.02337448188669286,46.748963773385725,2.0776669840207605e-23,WETH/LUSD - 0.05%,9.479650987380993e-09
437,0x87235b8f3c1c4bb26355a3f0da598c0b79a1f766,WETH,LDO,0.003,1.843242152717893e-15,1.540143814664429,513.3812715548097,2.0182402835547188e-23,WETH/LDO - 0.3%,6.246138803916851e-07
438,0x3d3f0463610b15f381df1480cbab61cd84c18c41,WETH,QI,0.01,1.7238490532425528e-15,0.057370564632390264,5.737056463239027,1.887511956522765e-23,WETH/QI - 1.0%,2.326695121202494e-08
439,0x57a14fd3ae5931cf75695fd23cb8758b6c8b32d4,xPOP,DAI,0.01,2.9904046531144443e-18,0.2655207433162042,26.552074331620418,3.2743148403728773e-26,xPOP/DAI - 1.0%,1.0768341256712723e-07
440,0x3c219244a8c3db887bfb8b6afac741ae26d285d4,LUSD,DAI,0.0005,1.9975097387946066e-18,0.025885297552110668,51.770595104221336,2.187154094584745e-26,LUSD/DAI - 0.05%,1.0497926229467104e-08
441,0xfc1d6ea7f63264d6d122ca426169c2ab3a51a130,DAI,SIPLEAN,0.01,9.999675634271573e-19,0.04848344153131044,4.848344153131045,1.094904874967683e-26,DAI/SIPLEAN - 1.0%,1.96627290654759e-08
