,date,prices,total_volumes,symbol,prices_30dma,prices_30d_vwap,prices_90dma,prices_90d_vwap,prices_180dma,prices_180d_vwap,prices_365dma,prices_365d_vwap
286,2023-03-12 11:10:31,1.8723299869524523,288470049.8486173,op,2.5425087287065393,2.6045776341568665,1.9412317763405327,2.3341694143093297,1.4426699868579798,1.947957352642601,1.2878579128981165,1.693964222027018
285,2023-03-12 00:00:00,1.8765346365778277,399156648.64023703,op,2.560914630738471,2.618127084622379,1.9319940222089096,2.336393294672336,1.4388215803558144,1.9431054846226015,1.285814304247577,1.6930255468280357
284,2023-03-11 00:00:00,2.1388972164267757,461151387.4758466,op,2.5784062646146912,2.634244362084755,1.9224406307282353,2.341759519563361,1.4353827195969286,1.9398985489903207,1.28374160132712,1.6916794443169743
283,2023-03-10 00:00:00,2.1973138761130175,383243349.75911176,op,2.5992015845915133,2.6595501953398,1.9103065110878086,2.3429656177448734,1.4312745578872765,1.9347714885122307,1.2807304900063465,1.6878570461164046
282,2023-03-09 00:00:00,2.2345922103001747,297000444.5472472,op,2.6270657017925463,2.6885612679186712,1.8977827358533323,2.339470457561954,1.426798606934491,1.9277672462110798,1.2774916794547329,1.6842124348226764
281,2023-03-08 00:00:00,2.403660363297168,290010099.8513225,op,2.649579554035405,2.7084754271818277,1.8849752201981873,2.3368547346300312,1.4222254257803484,1.919742762715173,1.2740977059410965,1.6811440967352347
280,2023-03-07 00:00:00,2.5150312301647735,217501128.5475322,op,2.6674887140945356,2.724138057309403,1.8696242815582824,2.332148129462545,1.4154290074073461,1.9121786064329265,1.270077910007445,1.6771893831271512
279,2023-03-06 00:00:00,2.4300918116007324,217300410.20093143,op,2.6835747427973975,2.7362271625895302,1.8534449638397716,2.3279092418890714,1.4079757272207525,1.9044125122134852,1.2656316481497403,1.6737358445793296
278,2023-03-05 00:00:00,2.368444192092328,200412329.83217078,op,2.706016936976447,2.7615187591498103,1.8378813429692835,2.3228392296685234,1.4006074974575944,1.8938745402385315,1.261457955807622,1.6706081833409936
277,2023-03-04 00:00:00,2.538790026032367,313641538.182133,op,2.7207129804214554,2.7696506046845544,1.8234059395426039,2.318877659997333,1.3940964423378959,1.8882490458434178,1.2574759909289,1.6679365908553916
276,2023-03-03 00:00:00,2.7235177197656895,261739130.83900177,op,2.726810427753125,2.773209880062398,1.8067773802885716,2.3125112173562217,1.3864996448818736,1.8799121402687722,1.2528503084917033,1.662687538684156
275,2023-03-02 00:00:00,2.763184128897703,256387242.06275076,op,2.708463080804002,2.764484364969346,1.7888125899611,2.301773481098296,1.3780012704991675,1.8709874360785665,1.2475218033783917,1.6573245510393277
274,2023-03-01 00:00:00,2.7063292871273306,308905610.2081368,op,2.687356014374361,2.748223941947888,1.7698295230375654,2.2915237034125577,1.3694946737934601,1.8593276993850778,1.242010304012867,1.651820978731252
273,2023-02-28 00:00:00,2.8963610032659757,494232598.0798816,op,2.6767264858447035,2.741546022818799,1.7509528255218618,2.279973769495668,1.361022249658374,1.8482209667443397,1.236666074147486,1.6454598230118167
272,2023-02-27 00:00:00,3.0114080889408177,514069396.4466052,op,2.6526818139120034,2.7238962516045406,1.728685006450679,2.262706806722124,1.3511819824571996,1.8283520432933984,1.2305866055426562,1.6332691822048013
271,2023-02-26 00:00:00,2.7502918152388847,632254277.089555,op,2.6281316254341562,2.699057625727371,1.7049354661027654,2.2406859237027312,1.340444111187463,1.8052597929488938,1.2240394677360453,1.6191564324879018
270,2023-02-25 00:00:00,3.051631174285452,1013995033.0045218,op,2.6103995397295363,2.6802490224732187,1.6841997744640405,2.2218665962743827,1.3316900290260683,1.7822784199814985,1.218407540254485,1.6047283765938614
269,2023-02-24 00:00:00,2.897511506331352,737465179.7647203,op,2.5880272204424943,2.6292241358962984,1.6603747293091067,2.1742761627397376,1.3206443104048076,1.7380451741783676,1.2116178230914074,1.574511259071324
268,2023-02-23 00:00:00,2.7043120487835686,407252507.22692513,op,2.5576238739897885,2.5931967693543716,1.6384202229772133,2.1420710384837682,1.3102853275287194,1.707166142397749,1.2053505603284338,1.5541067452059594
267,2023-02-22 00:00:00,2.514183875584828,220515458.27987716,op,2.5402845831072307,2.5768827502153724,1.618903141625832,2.12405866829294,1.3009058944930396,1.6900482590268693,1.1997574204461383,1.5442262506251436
266,2023-02-21 00:00:00,2.5902443115042764,236486449.1675329,op,2.529472353920932,2.5646772793804438,1.6013359004766632,2.1138466266987708,1.2934924476297684,1.681883206174931,1.1948344749212743,1.539693559571964
265,2023-02-20 00:00:00,2.585312485981446,255501850.1245871,op,2.516943013633972,2.5447032227150994,1.5820860440867424,2.103214320174149,1.2859158840735339,1.6719325518249797,1.189588573279985,1.5344021720418926
264,2023-02-19 00:00:00,2.7769304555886944,183247208.7573447,op,2.5018939279311563,2.535341038362379,1.562782579324701,2.090372314093067,1.2789591394109592,1.6610285999777328,1.1843216905905454,1.5286520672435717
263,2023-02-18 00:00:00,2.8030683490470487,417011098.6482743,op,2.4676780375462823,2.5201313821987865,1.5413577080692764,2.079194353343358,1.2699993726017587,1.651728068848039,1.178289081632219,1.5237342487454666
262,2023-02-17 00:00:00,2.625784029285838,452143244.9955029,op,2.42975589058127,2.4893600673269125,1.5205633149230404,2.058392717032578,1.260993086177182,1.6332923435673163,1.1721112136952805,1.51216070217111
261,2023-02-16 00:00:00,2.828129215354648,385308856.5360511,op,2.400196578385407,2.468481846587878,1.501583767738294,2.038745175890232,1.2526875754274647,1.614245758403644,1.1665628441701257,1.5011293149639082
260,2023-02-15 00:00:00,2.4309540541868033,378399033.29226977,op,2.3656212152784515,2.4400904441520166,1.4800513512407472,2.0160010235370405,1.243752207612774,1.5939641330598597,1.1601966894912579,1.4898319451314002
259,2023-02-14 00:00:00,2.2107759421656246,327764289.2820075,op,2.345383413864219,2.423014547884658,1.463053978516156,2.0011977791459663,1.2369121855689393,1.5812614110698326,1.1553091611655057,1.4818970759843404
258,2023-02-13 00:00:00,2.332848295614103,202932287.478287,op,2.3292544753780873,2.3977724833913228,1.4488266415785795,1.9917372690485295,1.23194783707635,1.5722875986976848,1.151233999848903,1.476534862651283
257,2023-02-12 00:00:00,2.49679852468848,226486545.39317074,op,2.304349985551964,2.375757663291991,1.433177999182824,1.978457293200684,1.2270555695051277,1.56608835430024,1.14665409947772,1.472616598709874
256,2023-02-11 00:00:00,2.424507047910404,342771174.34134734,op,2.267545748654307,2.34758731125292,1.4154723094580226,1.9641430128214181,1.221753850138437,1.5587336681572586,1.1414006192239816,1.4673594186807148
255,2023-02-10 00:00:00,2.4012836528644246,534863707.8110978,op,2.22953837463341,2.331580182821022,1.3987169419067556,1.9485111254857346,1.2162899101482756,1.5477419391640803,1.1363884847369252,1.459865593661402
254,2023-02-09 00:00:00,2.762756815731439,412436074.1332487,op,2.191696856689728,2.313682796069525,1.3833363401229823,1.9195757399399673,1.2114951582733546,1.5318166107654172,1.1314281115285822,1.4482220702125899
253,2023-02-08 00:00:00,3.033237392144022,389852632.2107171,op,2.141440836841008,2.273180059467053,1.3642788861928223,1.8795975514984582,1.205269860095252,1.5150070619327822,1.1250055575750277,1.4355645316610235
252,2023-02-07 00:00:00,2.9100077775859168,401220868.41986865,op,2.0822542020237402,2.226389788115931,1.3393046512455549,1.828526748900125,1.1971141129457221,1.4948434164351423,1.117463139256573,1.4208894753492731
251,2023-02-06 00:00:00,2.940935165071093,382766054.3354068,op,2.021769334450599,2.188209545969765,1.3176969832021965,1.7733047174657475,1.1896142996897454,1.47586175659416,1.1103498668822502,1.406678328530673
250,2023-02-05 00:00:00,2.9976120912506294,339717745.8080106,op,1.9599717916884805,2.1439944941600486,1.2996473180347219,1.735617863521054,1.1823331588831638,1.4577804454719996,1.1030566983635697,1.3925815466499687
249,2023-02-04 00:00:00,3.1033576369722216,636252127.4188764,op,1.8941298566243057,2.104579094929577,1.2806345809826087,1.6997241659620257,1.1762269917620962,1.4435259696757357,1.0954784767920214,1.3793854319187457
248,2023-02-03 00:00:00,2.8093254954425797,405445950.06294304,op,1.8250386233284144,2.018699770769087,1.2607118259606203,1.6279991764933337,1.1696133554384425,1.4089175322869951,1.08741470506439,1.35242396676574
247,2023-02-02 00:00:00,2.721713445982456,593430576.361345,op,1.7632915316896578,1.9716467028104059,1.2444973125232737,1.5854536077390187,1.1646676090316632,1.3937319719210832,1.0804715163935101,1.3377584625649594
246,2023-02-01 00:00:00,2.1730973112920204,200359710.56947055,op,1.7045151493061022,1.9060888834494396,1.2266613665439687,1.5287919247780482,1.1602584293487632,1.3740442054298034,1.0738268122251342,1.3170631510896742
245,2023-01-31 00:00:00,2.1299721360084547,317017202.0485709,op,1.662824225283717,1.8955231688886072,1.2139630254876352,1.5135612654268233,1.1588436621498093,1.3784692364786633,1.0693582329606344,1.312719251211693
244,2023-01-30 00:00:00,2.3874434312375947,263628818.83943754,op,1.6224017352751856,1.8811413984609942,1.2014338255251786,1.49504345240162,1.1581144811233763,1.3797091094447893,1.0650291966216636,1.3061044221175244
243,2023-01-29 00:00:00,2.1750208452849753,240381868.89591226,op,1.5732238920923514,1.856381519463756,1.186446424059425,1.4726966435366635,1.1538192502519344,1.3734659415299948,1.0596094661519264,1.2987767309049423
242,2023-01-28 00:00:00,2.2749024346054063,327144176.44723135,op,1.5312223038975254,1.8386995222361358,1.173850806713805,1.4547857057218732,1.1501285480746806,1.3678743038761414,1.055019295867428,1.293328807007807
241,2023-01-27 00:00:00,2.2183292441003024,387213105.5009553,op,1.4852474830237816,1.8064203821142935,1.1605951471500284,1.4271369924696728,1.1463244554394636,1.3593618083100922,1.0499784564511556,1.28495242123319
240,2023-01-26 00:00:00,2.380461595674193,661434277.9269111,op,1.4426264198968823,1.7727992937262356,1.1487817127949085,1.397788790578082,1.1440124446190458,1.354729019966348,1.0451305278716985,1.2754286146044684
239,2023-01-25 00:00:00,1.9854111127501701,298590469.32014304,op,1.3948470552969117,1.695322758331061,1.13424098430939,1.339150996893913,1.1409626245693079,1.3465340759524935,1.0395666484225214,1.2558265498632457
238,2023-01-24 00:00:00,2.1841333223068324,317620756.66761637,op,1.359750833121326,1.6728968959265045,1.1245751464783227,1.3175627059488535,1.1378996660683518,1.3417107294510913,1.0356091402035772,1.2499369848190651
237,2023-01-23 00:00:00,2.1898169999958603,379331291.0646855,op,1.31801499834877,1.6351269406568292,1.1110884231001423,1.2876648903953123,1.1316194773439,1.3300478775091713,1.0307834083460006,1.2418455775063726
236,2023-01-22 00:00:00,2.2143641028954755,626273510.9727116,op,1.2768347668249345,1.5832715834642483,1.09613189618762,1.2546689447738344,1.12401677811653,1.316454078894296,1.0258929712504317,1.2319371039458604
235,2023-01-21 00:00:00,2.133839914896966,231379008.4684835,op,1.2347077610628996,1.4769527146949082,1.0808079459630573,1.1989988334875603,1.116173577778009,1.2938728656630492,1.020857076624817,1.2146859930964389
234,2023-01-20 00:00:00,1.7504537440424868,161418069.137846,op,1.1956192697870067,1.430743169476067,1.0654176072686061,1.1775083559778445,1.1094460132352684,1.2847518915071638,1.0161209794406802,1.208684053868466
233,2023-01-19 00:00:00,1.6654039400966862,261018798.67194098,op,1.169752556577115,1.4053379016265959,1.0541005073989151,1.1666352898020274,1.1049327195454657,1.2790368667411496,1.0129828052329801,1.2062047533350198
232,2023-01-18 00:00:00,1.7390046634099394,219751428.25495747,op,1.1437477770986606,1.3777713674552479,1.0430611773701672,1.1529647047416214,1.100276899519992,1.271979261102766,1.0101827145254108,1.2027813271735315
231,2023-01-17 00:00:00,1.7908683221459905,244284186.61428165,op,1.1166439356873539,1.3497455726296954,1.0313928026796308,1.1390193946518805,1.094885825296637,1.2656030313905744,1.0070412406078049,1.1993944461632737
230,2023-01-16 00:00:00,1.8238200117598127,300234371.8765246,op,1.0884178865443888,1.3079978361392173,1.019737711674331,1.1220247800112466,1.088752951549707,1.256930957353127,1.0036480497786353,1.195212162224965
229,2023-01-15 00:00:00,1.7269077875816916,491440665.2520204,op,1.058972419353117,1.2441489790138094,1.0079646996074527,1.1004983195601896,1.0826087292064641,1.2472324311697163,1.0000820847265433,1.18970137657933
228,2023-01-14 00:00:00,1.585713600830385,311875071.40413827,op,1.0368325370371454,1.1533023806765124,0.9965412736841893,1.0689151391356368,1.0775507176919121,1.2332344492502136,0.9969081733603634,1.181880368221573
227,2023-01-13 00:00:00,1.3926714177587887,286330340.1789552,op,1.0223902254768327,1.1016706687202393,0.9865521487776502,1.0512806862674429,1.07196350786421,1.2260707711318315,0.9943256934153195,1.1781145067056287
226,2023-01-12 00:00:00,1.2842858272834894,137185176.16011772,op,1.0136408516607518,1.0694283089795134,0.9790434442839078,1.0395615349462917,1.067118794037552,1.223248592658255,0.9925708664358329,1.1762617187543707
225,2023-01-11 00:00:00,1.266038114553961,139092518.8108019,op,1.005529061254848,1.0563530236152447,0.9729480420565108,1.0334271693085153,1.0626569443958176,1.221758399074419,0.9912800922727901,1.1758129276133047
224,2023-01-10 00:00:00,1.2550762202698418,213982480.24057397,op,0.9972187708802874,1.042894100566605,0.967185067808494,1.0291521760731837,1.0583594090718351,1.2204202905847128,0.990058945507096,1.1754312636043138
223,2023-01-09 00:00:00,1.257638347625988,166299569.99205467,op,0.9902771118309048,1.021648500209008,0.9614698747196537,1.022141724292327,1.053999746641291,1.2189327081952037,0.9888758326733338,1.1749095626399095
222,2023-01-08 00:00:00,1.0954617503916866,82353900.4793122,op,0.9840283037437103,1.0051978849310865,0.9559114498349857,1.016566571994353,1.049525809382102,1.2178122244678682,0.9876706196017973,1.174486261519837
221,2023-01-07 00:00:00,1.0870088822075257,113956900.20593265,op,0.9835767721085588,1.0042863296858942,0.953117769662045,1.0153180660670638,1.0461183346254748,1.217505457985246,0.9871850739676085,1.174687008713377
220,2023-01-06 00:00:00,1.0223540393253872,60366363.68884461,op,0.981412338891831,1.0001878028468063,0.9503220421166723,1.013781490285137,1.043047150271025,1.2173966174516455,0.986733382527609,1.174996297860249
219,2023-01-05 00:00:00,1.0306206380954879,90323688.86068095,op,0.982630292097613,1.0008037118956936,0.9483550322330675,1.0128784680904241,1.040567317304373,1.2171406452097566,0.9865714704512554,1.1752820667151476
218,2023-01-04 00:00:00,0.9569127462798799,60794133.18402973,op,0.9825884686029893,1.0004558507654981,0.9463527488854491,1.0115149266911385,1.0380457546695385,1.2165080197207778,0.9863703326994553,1.1756884330962132
217,2023-01-03 00:00:00,0.958421974475795,55443777.879365005,op,0.9862133065166977,1.0038660773789838,0.9452879312364442,1.0110083212693328,1.035932312727299,1.2159902794411557,0.9865054592426643,1.1761028581327218
216,2023-01-02 00:00:00,0.9223695906204631,25870872.797291547,op,0.9890065638064878,1.006218494211687,0.9443344766090842,1.0103450405958836,1.0336332763650087,1.21576514052077,0.9866348762231568,1.1764795699913935
215,2023-01-01 00:00:00,0.9172974357525073,29649502.187806956,op,0.9951504637955807,1.01240779051214,0.94376728417468,1.0095440410807166,1.031417735268504,1.2151200883237294,0.9869324006935396,1.1766849318682782
214,2022-12-31 00:00:00,0.912108135752564,40124304.75407461,op,0.9997308194631495,1.0154097421671724,0.9429541929927846,1.0088546662383944,1.0294496853569728,1.2146747305409662,0.9872562842514049,1.176925399095607
213,2022-12-30 00:00:00,0.9149731994402017,45729718.51331662,op,1.002908098628531,1.016983513867133,0.942749187578762,1.008672080912202,1.0272751929585813,1.2146552716248142,0.9876074438238294,1.1772580498126777
212,2022-12-29 00:00:00,0.8956578083930916,71540080.4552219,op,1.0021509015425083,1.01674854511491,0.9427181886851617,1.0082908795781036,1.0251171285158354,1.214491172433498,0.987948449666006,1.1776340850840794
211,2022-12-28 00:00:00,0.9396973502933254,55682008.01503356,op,1.0014272898503582,1.0175914086810516,0.9428265553781381,1.0082580488126354,1.0230990247166882,1.2142986470772053,0.9883837828795576,1.1782679460515673
210,2022-12-27 00:00:00,0.9470806576750721,34190040.13880955,op,0.9995733637657018,1.017194801387852,0.9424919411549743,1.0075510414186568,1.0208683877088285,1.2135706182211436,0.9886145242662222,1.1786860885773174
209,2022-12-26 00:00:00,0.9325244474825993,42137716.22651087,op,0.9982499121879134,1.0159523195455857,0.9421868330674471,1.0065883644385667,1.018838452004894,1.2116582497408261,0.9888123045833228,1.178935610393433
208,2022-12-25 00:00:00,0.9320582791301477,36471237.10205207,op,0.9978859618205246,1.015675410189835,0.9420734723831676,1.0061564182913705,1.0165970313276356,1.2105081365239065,0.9890816244737569,1.179263229018202
207,2022-12-24 00:00:00,0.9544100542808003,47623562.433962904,op,0.9984098434214943,1.0146218708054557,0.9417651204403035,1.0057100422753502,1.0143991028457702,1.209732239527941,0.9893557751725243,1.1795480322596217
206,2022-12-23 00:00:00,0.9505539300344252,68486528.18437576,op,0.9977005806841229,1.0129562496506352,0.9413772048107625,1.0052896833807057,1.0121789272665054,1.2082037406278872,0.9895245950802137,1.1798872368721838
205,2022-12-22 00:00:00,0.9611851766201785,59490438.06188767,op,0.994607357563355,1.0107081391060209,0.9413529300332923,1.0047790306230313,1.0101297667875053,1.206393105660773,0.9897137730658729,1.1803852094114553
204,2022-12-21 00:00:00,0.9744523477457342,103792843.58738837,op,0.9908345402559405,1.0061497863556454,0.9411356811488203,1.0038988116487608,1.0080858336951193,1.2044676437641857,0.989852936950974,1.1807994387137466
203,2022-12-20 00:00:00,0.8852605557430585,65599652.17187033,op,0.9866425300844317,1.0037122637046727,0.9402743772393384,1.0020278090744315,1.0055881888531706,1.20427457880846,0.9899284300353134,1.1814820178920147
202,2022-12-19 00:00:00,0.9258894210707369,42840214.68695642,op,0.988186277089191,1.0058591031997954,0.940656876805046,1.0016904850039416,1.0032334345463836,1.2038335892240986,0.9904440353273934,1.182102621444035
201,2022-12-18 00:00:00,0.9440868478570358,80040621.39748736,op,0.9879107891421215,1.0049971504187907,0.9410125192123303,1.0012332014950573,1.0009345533989502,1.2026042802034211,0.9907636126256937,1.1824536512104373
200,2022-12-17 00:00:00,0.9404559960216583,133120763.0153939,op,0.9861149518994007,1.0042622767534803,0.9408393097096795,1.000819151898843,0.9984959871404745,1.201804585881219,0.9909958353359855,1.1830653817314545
199,2022-12-16 00:00:00,1.0627113181025454,89129115.57109651,op,0.9848061023311333,1.004863240889978,0.942975688121841,1.0026992608948653,0.9960874994137597,1.2018091869367922,0.9912485345325571,1.184105337733659
198,2022-12-15 00:00:00,1.1524442540210047,136548732.84438205,op,0.9803929123205061,0.9996826391623945,0.9434204214353519,1.0035783672550906,0.9926893318286124,1.2002772812594997,0.9908894250673813,1.1844547407691808
197,2022-12-14 00:00:00,1.1301902032763644,136046377.0166812,op,0.9727937865196755,0.9848045798500551,0.9431566965313922,1.0045506658444068,0.9891709854390112,1.199136596300042,0.9900734915878177,1.1845965188290006
196,2022-12-13 00:00:00,1.0409321151063708,61433582.448495045,op,0.9652303280590088,0.9710820306488929,0.9441081973754275,1.006503766481219,0.9856098578742171,1.1967645435193777,0.9893622392442208,1.1848376681686998
195,2022-12-12 00:00:00,1.016729403317145,42210137.19226558,op,0.9610833898320085,0.9669271953062418,0.9456491385027193,1.0104638612523384,0.9830890297863976,1.1898735613138909,0.9890991276326793,1.1851262727935081
194,2022-12-11 00:00:00,1.0468264487883663,50434905.50201325,op,0.9610933927989322,0.9705720964121018,0.9483248084656218,1.0151785411201681,0.9806101782837493,1.186830119071369,0.9889574339112205,1.1853586371564298
193,2022-12-10 00:00:00,1.0701741050101516,107397006.82495494,op,0.9611187099065539,0.9777700983856216,0.9522426046867445,1.0205940495426113,0.9777617935013437,1.1822043400840725,0.9886591400201012,1.1855874167462865
192,2022-12-09 00:00:00,1.081915801337139,72431252.29754186,op,0.9516314479692142,0.9537756212418853,0.9558144780156493,1.0288382345373943,0.9754473487290778,1.179136737170496,0.9882367826885465,1.1859947157984583
191,2022-12-08 00:00:00,1.0220758857056913,66491856.28139344,op,0.9477448430474311,0.9523136749817644,0.9594756313625094,1.0407502523906145,0.973655191002844,1.1777883738944448,0.9877488711330851,1.1862430227931742
190,2022-12-07 00:00:00,1.0588926354988473,43722270.60551964,op,0.9575578235238544,0.9760421213784155,0.9612337332564098,1.0428299487608592,0.9728370203004699,1.1750364966506466,0.9875691485436996,1.1866033583255367
189,2022-12-06 00:00:00,1.0293659332567782,70241326.63105787,op,0.9651435942259075,0.9930032321505147,0.9625064906017329,1.0448369279442218,0.9715499839675907,1.1722793213336236,0.9871937617702515,1.186787948995549
188,2022-12-05 00:00:00,1.0656578836911306,62787242.763066255,op,0.9745083859504569,1.017507394985261,0.963333651945905,1.0464994799106295,0.969872427190337,1.170465238501534,0.9869706285877832,1.1871543422571718
187,2022-12-04 00:00:00,1.0422196931694983,55554283.520238325,op,0.9839870993634656,1.0528205760866065,0.9647869451331881,1.048168698875626,0.970142332502539,1.170295585645644,0.9865520793585101,1.1874076385366292
186,2022-12-03 00:00:00,1.106686590293252,105068655.27264509,op,0.9864623865193162,1.0561930745033887,0.9662219094751756,1.049317365780029,0.9717083956265407,1.17184854851594,0.9862543915841198,1.1876759527914538
185,2022-12-02 00:00:00,1.054708105779568,83033470.54161674,op,0.9839143873836081,1.0538527961157687,0.9671899510372348,1.0501906641838157,0.9720703233900192,1.1720955387728578,0.9856069066448233,1.1879600175671228
184,2022-12-01 00:00:00,1.007426510714012,92951491.44340669,op,0.9821689218372007,1.0525588144668583,0.9691598245493549,1.0540542652958815,0.9739419410891121,1.1743686829092532,0.9852333866495004,1.1883303982589484
183,2022-11-30 00:00:00,0.8922572868595209,41466475.57890356,op,0.9832072814573928,1.0531577858098478,0.9710916737948863,1.0561296932528796,0.9760081929464639,1.1780099248850253,0.985112771844802,1.1888950483487184
182,2022-11-29 00:00:00,0.8739494576285893,48065835.823879614,op,0.9881792147013815,1.0543461614929481,0.97367895846372,1.0577828111809082,0.9796335620006562,1.1867329888876992,0.9856201788665794,1.189308670551519
181,2022-11-28 00:00:00,0.8840795677536325,38776687.775032245,op,0.995110668575945,1.0578952580937764,0.9759527562721607,1.0588500905470755,0.98165385863351,1.1885253922104402,0.986233754257997,1.189819204722023
180,2022-11-27 00:00:00,0.9073771103414197,45920104.51598987,op,1.0041453547221406,1.0649212043472214,0.9791802835880961,1.0615125752753856,0.9845113297041109,1.1895745177505916,0.9867981420287393,1.1902190323693926
179,2022-11-26 00:00:00,0.9216059364609392,43514846.88325787,op,1.0096259854433447,1.066797048089732,0.9809138915005085,1.0621111340640013,0.9872393699825578,1.1906577348652831,0.9872393699825578,1.1906577348652831
178,2022-11-25 00:00:00,0.9477747271592329,78626601.9974361,op,1.0160886444931172,1.0713397946907015,0.9821504320802255,1.0623090968412965,0.9876060372089356,1.1910537717322052,0.9876060372089356,1.1910537717322052
177,2022-11-24 00:00:00,0.9331321721596594,80267988.38339305,op,1.016840427530163,1.0678593720818297,0.982908647360248,1.0624253031183584,0.9878298086137092,1.191702545221864,0.9878298086137092,1.191702545221864
176,2022-11-23 00:00:00,0.8577572364113905,59351994.93740606,op,1.0138603410538027,1.0642355580085299,0.9856489947828737,1.0644620175423534,0.9881388348083647,1.1924084140262585,0.9881388348083647,1.1924084140262585
175,2022-11-22 00:00:00,0.8480006573977423,80220064.20635337,op,1.0131087192629173,1.061627080790725,0.9897457240603255,1.0678568865980242,0.9888796393447112,1.1930852883727505,0.9888796393447112,1.1930852883727505
174,2022-11-21 00:00:00,0.8486920426004717,54452045.95716397,op,1.0097990117628717,1.0608369412836751,0.9951356994972175,1.0751207106402605,0.989684662098694,1.1940312595187272,0.989684662098694,1.1940312595187272
173,2022-11-20 00:00:00,0.9315729658858393,43849646.85396924,op,1.005906435535199,1.0586449042035813,0.9986410371342411,1.0771390658979776,0.9904949645096033,1.1946750406251712,0.9904949645096033,1.1946750406251712
172,2022-11-19 00:00:00,0.9176247826586492,59958761.7612948,op,0.9972494779226501,1.0563566933392319,1.0014228574313235,1.0788564666321159,0.9908355540970238,1.195070608449678,0.9908355540970238,1.195070608449678
171,2022-11-18 00:00:00,0.8902117305754123,56168905.43049639,op,0.9896236832094177,1.0542163119232733,1.0037913831166354,1.0805090575134997,0.9912611981170144,1.1956421597051266,0.9912611981170144,1.1956421597051266
170,2022-11-17 00:00:00,0.9011905089736376,70301355.68185164,op,0.9846802965792034,1.0522598891281165,1.007453063984801,1.084812991271313,0.9918521306757373,1.1962327298962225,0.9918521306757373,1.1962327298962225
169,2022-11-16 00:00:00,0.9303156177837254,74090398.95448269,op,0.9801155771381086,1.0516471281774216,1.0107703926217226,1.086996183837084,0.9923854343328083,1.1969484833002182,0.9923854343328083,1.1969484833002182
168,2022-11-15 00:00:00,0.9244704799960879,128922332.56871612,op,0.9723983716949164,1.051350071265427,1.0150690325741205,1.0914599764241681,0.9927527113538088,1.1976319273137177,0.9927527113538088,1.1976319273137177
167,2022-11-14 00:00:00,0.9032864494563604,96417839.52392705,op,0.964472434336442,1.0522065698462428,1.0209331398274313,1.0990234751364716,0.9931591532071287,1.1988557437117464,0.9931591532071287,1.1988557437117464
166,2022-11-13 00:00:00,0.9165239682963657,75828250.85006393,op,0.9582591531319629,1.052106905610237,1.0280353908188513,1.106704100444663,0.9936973131098278,1.1998494156402137,0.9936973131098278,1.1998494156402137
165,2022-11-12 00:00:00,1.0170294923248537,201089096.30988798,op,0.9522316750826757,1.049035309476548,1.0338628783897954,1.1125457907797378,0.9941622127773788,1.200600506913916,0.9941622127773788,1.200600506913916
164,2022-11-11 00:00:00,1.0475859620170167,275407057.7449038,op,0.9432430397462621,1.0486313899763826,1.039653976423727,1.1176624511243702,0.9940236232043638,1.2019001756257186,0.9940236232043638,1.2019001756257186
163,2022-11-10 00:00:00,0.7855562468899598,269783618.96805924,op,0.9330138024215023,1.0449243233105516,1.0462608339976818,1.1284251021464984,0.9936970235774575,1.2034111347504917,0.9936970235774575,1.2034111347504917
162,2022-11-09 00:00:00,0.9653176536836483,432412349.7452167,op,0.9320745977920324,1.0575410466408564,1.0549235746458894,1.1455642271366027,0.9949739608577488,1.2074578107301077,0.9949739608577488,1.2074578107301077
161,2022-11-08 00:00:00,1.3164652999983923,213551143.3705567,op,0.9280316938301447,1.0657648126018715,1.0615316161772945,1.1632244125929105,0.9951570244822803,1.2112756389568569,0.9951570244822803,1.2112756389568569
160,2022-11-07 00:00:00,1.2864657565604403,187934122.03611708,op,0.9119959639343314,1.0502991642042152,1.0650189997316055,1.1709374372493124,0.9931613209076461,1.2104501307640259,0.9931613209076461,1.2104501307640259
159,2022-11-06 00:00:00,1.3103096849932554,272824818.8353159,op,0.8972912103756822,1.036145504115887,1.0718194025415837,1.1833154327148558,0.9913281681848162,1.209921484989752,0.9913281681848162,1.209921484989752
158,2022-11-05 00:00:00,1.3500192860813953,410098358.6933276,op,0.8819613921029011,1.0118756589325684,1.0785148849162647,1.1907916603060085,0.9893219951231278,1.208897650819308,0.9893219951231278,1.208897650819308
157,2022-11-04 00:00:00,1.1164783078450187,198356445.4886777,op,0.8656633878291692,0.966443734491549,1.0848379055400525,1.2010644704009417,0.9870391008765563,1.2067005289766521,0.9870391008765563,1.2067005289766521
156,2022-11-03 00:00:00,1.0302466162220074,153336898.32178017,op,0.8575344795014487,0.9548712064416841,1.0938554921535575,1.2256911459965316,0.9862146473289867,1.2073850946764926,0.9862146473289867,1.2073850946764926
155,2022-11-02 00:00:00,1.0023441393873471,98671054.12412928,op,0.8522370013448509,0.9491266689813834,1.1037242988119829,1.2526883826669077,0.985932391118134,1.208430223255535,0.985932391118134,1.208430223255535
154,2022-11-01 00:00:00,1.0385772993197728,127932426.5247462,op,0.8469628376780037,0.9454304934676045,1.1147951367215743,1.2764944015976503,0.9858265088712358,1.2092156407558892,0.9858265088712358,1.2092156407558892
153,2022-10-31 00:00:00,1.0414152841791855,150557391.25679895,op,0.8421321826503623,0.9404331255079041,1.121192076444444,1.2870455457066177,0.9854839712709206,1.2100630061122224,0.9854839712709206,1.2100630061122224
152,2022-10-30 00:00:00,1.0818930738654906,241876483.14141622,op,0.8378244498115952,0.9342198346513455,1.1264062894355562,1.2932084790918195,0.9851184071342654,1.2110543891849743,0.9851184071342654,1.2110543891849743
151,2022-10-29 00:00:00,1.1551201521395016,258796308.5240552,op,0.8319417077081109,0.9198667646453452,1.132053763728899,1.301570285791197,0.984481731695244,1.212285808548031,0.984481731695244,1.212285808548031
150,2022-10-28 00:00:00,1.0717960319775426,239393332.00746846,op,0.8237571049770803,0.8950558999555696,1.139243176443183,1.3188405005762276,0.9833516759307126,1.2128749588242258,0.9833516759307126,1.2128749588242258
149,2022-10-27 00:00:00,1.1154857079541107,339548528.2349093,op,0.8186846015710832,0.8785828097417956,1.1476842648292256,1.3522288341019264,0.9827620468904004,1.214232856819543,0.9827620468904004,1.214232856819543
148,2022-10-26 00:00:00,0.9703282182706074,276306199.8328847,op,0.812245810835861,0.8425141624734015,1.1512241856583811,1.360109607757987,0.9818712840644696,1.215599607122668,0.9818712840644696,1.215599607122668
147,2022-10-25 00:00:00,0.843729577868855,133636451.83093427,op,0.8100450903692533,0.8262772127481016,1.1521505315876572,1.362316688474355,0.9819492777522658,1.2183935626391929,0.9819492777522658,1.2183935626391929
146,2022-10-24 00:00:00,0.8352085826848313,114282369.03019021,op,0.8125706926943618,0.8287287859148906,1.15190166004544,1.3626041768063455,0.9828895478194999,1.2204691842464304,0.9828895478194999,1.2204691842464304
145,2022-10-23 00:00:00,0.7487094323963716,68209072.78868358,op,0.8163427132736047,0.8378354698551085,1.1515392095929604,1.3616717624909704,0.9839010612793264,1.2223030922466778,0.9839010612793264,1.2223030922466778
144,2022-10-22 00:00:00,0.7319147557702889,70708972.49899349,op,0.8227734914276484,0.8499040901717853,1.1534744192019306,1.3598852029224426,0.985523072513002,1.2236524507990405,0.985523072513002,1.2236524507990405
143,2022-10-21 00:00:00,0.671864237509367,46012191.29609682,op,0.8282741660983847,0.8581837179768019,1.155764931692016,1.3563436272267584,0.9872842413792706,1.225109157119796,0.9872842413792706,1.225109157119796
142,2022-10-20 00:00:00,0.6888509412616807,53712423.35680455,op,0.836534875403297,0.8657438682852692,1.1574926216698165,1.3514890322470052,0.9894899756720672,1.226177700900352,0.9894899756720672,1.226177700900352
141,2022-10-19 00:00:00,0.7419101316689852,62967231.0345058,op,0.845503085285452,0.8767825654467217,1.1583788479136428,1.348442713081274,0.9916071519707319,1.2273919155497612,0.9916071519707319,1.2273919155497612
140,2022-10-18 00:00:00,0.7642489257407922,48195375.62964,op,0.8517226806504348,0.8829045213519806,1.1577681914250832,1.3430887978410502,0.9933780528239358,1.228681416892283,0.9933780528239358,1.228681416892283
139,2022-10-17 00:00:00,0.6987994544879578,29919359.806872066,op,0.864005384896281,0.8934117129920838,1.1572527588054753,1.3380464765516984,0.9950146894459583,1.2296275365197566,0.9950146894459583,1.2296275365197566
138,2022-10-16 00:00:00,0.686692359241862,32689725.739752024,op,0.8774699802906334,0.9072901861925811,1.1585601616996353,1.3287233048075404,0.9971457343017712,1.2302996983588885,0.9971457343017712,1.2302996983588885
137,2022-10-15 00:00:00,0.7168880133219852,44344913.96733762,op,0.8922038687380591,0.9292991075111224,1.15737486695077,1.324285049591673,0.9993953964398866,1.231052820674755,0.9993953964398866,1.231052820674755
136,2022-10-14 00:00:00,0.7356996268177477,82341153.21540806,op,0.9088351109353106,0.9498928710347162,1.1551941437911961,1.3239457159595005,1.0014574941268786,1.2320209470701025,1.0014574941268786,1.2320209470701025
135,2022-10-13 00:00:00,0.747370432232448,27978670.96417831,op,0.9236323505934732,0.9742931650793197,1.1523658467351248,1.324642968964153,1.0034115960923868,1.2337623001457774,1.0034115960923868,1.2337623001457774
134,2022-10-12 00:00:00,0.7407088422742231,58053033.9388585,op,0.940637992851671,0.993831026874442,1.1495337503351766,1.323617000372703,1.0053081973061642,1.2343428485073493,1.0053081973061642,1.2343428485073493
133,2022-10-11 00:00:00,0.7573801080058621,45035432.06026689,op,0.9625953017321772,1.016917549253016,1.146529618562928,1.3234442206253831,1.0072828193586414,1.2355684009576606,1.0072828193586414,1.2355684009576606
132,2022-10-10 00:00:00,0.8440305348270194,28258071.500077818,op,0.9837373882857013,1.046977285842433,1.1431401689292184,1.3233812089313999,1.0091617871131735,1.2364911687788693,1.0091617871131735,1.2364911687788693
131,2022-10-09 00:00:00,0.8353934031239887,31684705.546318144,op,1.0026503572099523,1.081706809753653,1.139118899588905,1.3229633292812095,1.0104127814486747,1.2369669463474897,1.0104127814486747,1.2369669463474897
130,2022-10-08 00:00:00,0.8453231498009631,45235744.17651949,op,1.0141474123110439,1.0875438173224938,1.1357722584253775,1.322674351469745,1.0117488072374128,1.237513547883264,1.0117488072374128,1.237513547883264
129,2022-10-07 00:00:00,0.8504151368098242,65563268.0466271,op,1.0250846672036091,1.0939365884296963,1.1327796023756784,1.3226745712793444,1.0130290046023087,1.2382771718618015,1.0130290046023087,1.2382771718618015
128,2022-10-06 00:00:00,0.8610791578694368,52301788.779130206,op,1.033531177784357,1.098328162838829,1.129738760453628,1.3222083339371657,1.0142895772208549,1.239374827342658,1.0142895772208549,1.239374827342658
127,2022-10-05 00:00:00,0.8726110580134039,64138787.27055813,op,1.0447103482069293,1.1041635341826042,1.1265766942181539,1.3216230709153678,1.0154865336220378,1.2402307956087102,1.0154865336220378,1.2402307956087102
126,2022-10-04 00:00:00,0.8713222715240774,68397583.58920917,op,1.0546688624047618,1.1090891611410076,1.122932076120933,1.3219335633319944,1.0166115373669877,1.241253702415735,1.0166115373669877,1.241253702415735
125,2022-10-03 00:00:00,0.8441192293819304,54265822.56298552,op,1.0654184643832452,1.114820773521357,1.1190681863623282,1.3220738781075418,1.0177646267784395,1.2423546561790715,1.0177646267784395,1.2423546561790715
124,2022-10-02 00:00:00,0.8936576484905298,48061397.198112905,op,1.07834771413286,1.1242090357286922,1.1159451777211609,1.3221880154315804,1.0191537899576115,1.2432971967257167,1.0191537899576115,1.2432971967257167
123,2022-10-01 00:00:00,0.9121832990161697,80346947.61457646,op,1.0879355572769034,1.1283955597063,1.1118011983384004,1.3225337329575595,1.020165855614604,1.2440316463621872,1.020165855614604,1.2440316463621872
122,2022-09-30 00:00:00,0.9054108107609627,81228130.73595251,op,1.0950332108781837,1.1318278960751833,1.107516068346509,1.323236157722609,1.0210437625788191,1.2452010970269296,1.0210437625788191,1.2452010970269296
121,2022-09-29 00:00:00,0.9095820702085875,104284697.50942802,op,1.1008058925324264,1.1334961708109736,1.1033714940552384,1.3233302465723258,1.0219915736592933,1.2464159963941723,1.0219915736592933,1.2464159963941723
120,2022-09-28 00:00:00,0.9196209297976241,124737213.04057764,op,1.1096383910650676,1.1398423683161563,1.0992448342626824,1.3235137084361686,1.0229205778200428,1.2479693039085882,1.0229205778200428,1.2479693039085882
119,2022-09-27 00:00:00,0.9223219858974464,84647198.83450727,op,1.1144310874870977,1.1433040003646266,1.095490070942341,1.3223737613320024,1.0237814082202297,1.2497904890420992,1.0237814082202297,1.2497904890420992
118,2022-09-26 00:00:00,0.9043066042723775,67376688.84007847,op,1.1181168409116986,1.1442374295106943,1.0911205902721033,1.321491903341748,1.024634008407816,1.2510276979314419,1.024634008407816,1.2510276979314419
117,2022-09-25 00:00:00,0.9194976476221093,73905038.80502443,op,1.1218404241813276,1.1433254895100253,1.087033085251237,1.321048430632368,1.0256537321716757,1.2520735224930568,1.0256537321716757,1.2520735224930568
116,2022-09-24 00:00:00,0.9483692000621188,150434198.93732315,op,1.130515950600457,1.147321215790846,1.0829806497222487,1.3191863097628496,1.0265610491336379,1.2531775324376608,1.0265610491336379,1.2531775324376608
115,2022-09-23 00:00:00,0.9416327770176861,174079262.80460575,op,1.1397857396444542,1.1557075904821597,1.0789066035417179,1.3179303942631102,1.0272351167980476,1.2552511377618958,1.0272351167980476,1.2552511377618958
114,2022-09-22 00:00:00,0.8969349958923728,197113508.26411465,op,1.1528345953011319,1.1717693649515495,1.075035986241418,1.3172187792263161,1.0279794849700505,1.257739614673153,1.0279794849700505,1.257739614673153
113,2022-09-21 00:00:00,0.9196855166567365,132772238.54073724,op,1.16174250976914,1.1815755111787247,1.0709020004670027,1.3201352822281325,1.0291289980321356,1.2610107099495584,1.0291289980321356,1.2610107099495584
112,2022-09-20 00:00:00,0.9578972377263342,176862959.32817352,op,1.170484218968024,1.1879954806290092,1.065809992287721,1.3210619028079453,1.0300975244159887,1.2631079136262653,1.0300975244159887,1.2631079136262653
111,2022-09-19 00:00:00,0.9284979926184671,119103288.87186418,op,1.1762473808550367,1.19299545278292,1.0608565875855698,1.3218004755248551,1.0307421698328605,1.2656265808193992,1.0307421698328605,1.2656265808193992
110,2022-09-18 00:00:00,1.1327300531161755,79067919.5834367,op,1.1859562147247644,1.2001122747632604,1.0561526645712693,1.3216714424055664,1.0316632885465038,1.2675105496618668,1.0316632885465038,1.2675105496618668
109,2022-09-17 00:00:00,1.1027373163185274,140225566.39142329,op,1.1881902158307782,1.2010273801342828,1.0491993107056785,1.3201159853430935,1.0307444997776884,1.2680124250531686,1.0307444997776884,1.2680124250531686
108,2022-09-16 00:00:00,1.1287090126646377,239966175.90177715,op,1.1953387457368119,1.207650651380144,1.041958242221873,1.318259057199853,1.030084015222268,1.2691111290629855,1.030084015222268,1.2691111290629855
107,2022-09-15 00:00:00,1.2158252792395279,173471280.467457,op,1.2061231164077926,1.2204951628229446,1.0351852743466297,1.318424623440947,1.0291708208015053,1.270726746997999,1.0291708208015053,1.270726746997999
106,2022-09-14 00:00:00,1.179616816562625,245493679.8484079,op,1.2170119083892807,1.2314924265873286,1.0271115183730068,1.3143638459690434,1.0274263866104958,1.2711872731398324,1.0274263866104958,1.2711872731398324
105,2022-09-13 00:00:00,1.257539699978385,198643436.54187515,op,1.2257246094932377,1.240940322497335,1.020528921070076,1.3023224226758365,1.0259906278373623,1.2722873543524278,1.0259906278373623,1.2722873543524278
104,2022-09-12 00:00:00,1.3994281086894094,151504042.6155752,op,1.2350808966732472,1.2466899740916135,1.012895548101877,1.2964460626720256,1.0237853985788765,1.2724321210203613,1.0237853985788765,1.2724321210203613
103,2022-09-11 00:00:00,1.3916427046115818,249810590.48060182,op,1.243173397839366,1.2595378689092789,1.0032809823159428,1.286103557944874,1.0201734494431984,1.2714741567021122,1.0201734494431984,1.2714741567021122
102,2022-09-10 00:00:00,1.4114196025545491,348608242.74336493,op,1.248958737859934,1.271276945846771,0.9950802194425062,1.2775129581449354,1.0165669518202043,1.269960691840085,1.0165669518202043,1.269960691840085
101,2022-09-09 00:00:00,1.1803050561567379,154455706.88116997,op,1.2539127974917867,1.282662772092124,0.9878347506431788,1.2712408894162137,1.0126958474012402,1.2674299987954034,1.0126958474012402,1.2674299987954034
100,2022-09-08 00:00:00,1.1734407965779265,175843717.69779602,op,1.268913622949441,1.3023712722280507,0.98444030734453,1.2652152040436715,1.0110363502848492,1.268126102712989,1.0110363502848492,1.268126102712989
99,2022-09-07 00:00:00,1.103810454232256,300821075.80924195,op,1.29308233004546,1.3318847269365737,0.9805934773334487,1.2599586660048874,1.0094123058219184,1.2689952742850286,1.0094123058219184,1.2689952742850286
98,2022-09-06 00:00:00,1.1964542705466041,134880144.8086126,op,1.3200520848615358,1.3613239538295812,0.976411202434769,1.2584365033945548,1.0084587891713088,1.2716306870676297,1.0084587891713088,1.2716306870676297
97,2022-09-05 00:00:00,1.1713664839483777,104026279.18321908,op,1.3441399805840595,1.3903492884590953,0.9754977198718898,1.2571603933128723,1.0065404679327854,1.2721723358681267,1.0065404679327854,1.2721723358681267
96,2022-09-04 00:00:00,1.1938103308785795,110922863.23061335,op,1.3693631345544623,1.4309071016771622,0.9771948817779055,1.2586761714173218,1.0048412306542742,1.272735632305897,1.0048412306542742,1.272735632305897
95,2022-09-03 00:00:00,1.231996721870372,248929772.58926192,op,1.3935174307078528,1.4709325021348616,0.9769506957428038,1.2579657047349635,1.0028728025269376,1.2732087192405812,1.0028728025269376,1.2732087192405812
94,2022-09-02 00:00:00,1.1812929428118344,156454446.99207738,op,1.4190748583538595,1.5114593697988115,0.9787240576288696,1.260371457823126,1.0004609717970068,1.27377065391586,1.0004609717970068,1.27377065391586
93,2022-09-01 00:00:00,1.1251129070545747,184832632.17365962,op,1.4335084894060661,1.5236938310766304,0.9809247120980419,1.2641830102769878,0.9985372274245086,1.2745700245470268,0.9985372274245086,1.2745700245470268
92,2022-08-31 00:00:00,1.0785912603882484,189022367.6582016,op,1.4463612076168897,1.5330840558014236,0.9855881655375923,1.2764812119932272,0.997176198611282,1.276111995447714,0.997176198611282,1.276111995447714
91,2022-08-30 00:00:00,1.1745570261878193,220928934.56821695,op,1.4634136909461597,1.5463777012982116,0.9873549609948592,1.276964256962141,0.9962912522876194,1.2782182623875524,0.9962912522876194,1.2782182623875524
90,2022-08-29 00:00:00,1.06340182245853,127860479.169813,op,1.4843340332874015,1.571863260625685,0.9898423758201259,1.2789017624045893,0.9943322877392655,1.2795265503512576,0.9943322877392655,1.2795265503512576
89,2022-08-28 00:00:00,1.0328945886354706,125852468.64278378,op,1.509937105429496,1.6075813742712928,0.993564848464607,1.2811167767265237,0.993564848464607,1.2811167767265237,0.993564848464607,1.2811167767265237
88,2022-08-27 00:00:00,1.0160141023612492,163408581.63920686,op,1.5233099052275842,1.6042303474990631,0.993122941271676,1.2829276049891318,0.993122941271676,1.2829276049891318,0.993122941271676,1.2829276049891318
87,2022-08-26 00:00:00,1.1797634401959898,127533176.17374226,op,1.5245660802123915,1.600649704035615,0.9928628144411126,1.2854800338780308,0.9928628144411126,1.2854800338780308,0.9928628144411126,1.2854800338780308
86,2022-08-25 00:00:00,1.2264628713820378,187711292.1879545,op,1.5126183368415012,1.5963334452285631,0.9907145313864589,1.2862749622784082,0.9907145313864589,1.2862749622784082,0.9907145313864589,1.2862749622784082
85,2022-08-24 00:00:00,1.333098446718018,283341220.54399943,op,1.4984891758608223,1.5921960910675157,0.9879732716190684,1.2869443449093112,0.9879732716190684,1.2869443449093112,0.9879732716190684,1.2869443449093112
84,2022-08-23 00:00:00,1.1641724299326168,153318230.15852073,op,1.4848151708770116,1.5882801560684678,0.9839129754414336,1.286151269841511,0.9839129754414336,1.286151269841511,0.9839129754414336,1.286151269841511
83,2022-08-22 00:00:00,1.181936792623258,151824987.67755982,op,1.4772781192085234,1.577897452676867,0.981767029554634,1.2872960694571731,0.981767029554634,1.2872960694571731,0.981767029554634,1.2872960694571731
82,2022-08-21 00:00:00,1.1307920943367076,232410108.76886097,op,1.4654587706381286,1.566927512331975,0.9793553456622409,1.2882844458052212,0.9793553456622409,1.2882844458052212,0.9793553456622409,1.2882844458052212
81,2022-08-20 00:00:00,1.2197630087103053,338510052.1282988,op,1.453386077600439,1.5649710224126043,0.9775085560442596,1.2905790224565412,0.9775085560442596,1.2905790224565412,0.9775085560442596,1.2905790224565412
80,2022-08-19 00:00:00,1.1997500862965875,144305292.88477695,op,1.435625678900051,1.5588385422666575,0.9745177603323331,1.2921143687963863,0.9745177603323331,1.2921143687963863,0.9745177603323331,1.2921143687963863
79,2022-08-18 00:00:00,1.3171932134995359,214264443.87870863,op,1.4195626756893664,1.547432356248033,0.9717023562577799,1.2929760016071281,0.9717023562577799,1.2929760016071281,0.9717023562577799,1.2929760016071281
78,2022-08-17 00:00:00,1.452240132794068,228583007.27680004,op,1.4028717590714608,1.5247711049684365,0.9673290542673779,1.2926358537913076,0.9673290542673779,1.2926358537913076,0.9673290542673779,1.2926358537913076
77,2022-08-16 00:00:00,1.5424890386841643,197331900.08912683,op,1.3737976157064578,1.512707380456835,0.9611122455683179,1.2902079092029421,0.9611122455683179,1.2902079092029421,0.9611122455683179,1.2902079092029421
76,2022-08-15 00:00:00,1.440997849681339,201088151.96959016,op,1.339735412048997,1.5074277336847661,0.9535618976057744,1.2868507377757021,0.9535618976057744,1.2868507377757021,0.9535618976057744,1.2868507377757021
75,2022-08-14 00:00:00,1.5382283153786687,121917455.00197962,op,1.3077405801186635,1.5038666875414992,0.9471482666574117,1.284731679475884,0.9471482666574117,1.284731679475884,0.9471482666574117,1.284731679475884
74,2022-08-13 00:00:00,1.6422031436729736,247778557.85614598,op,1.272882361480611,1.498536631845604,0.9392671993411282,1.28260111846,0.9392671993411282,1.28260111846,0.9392671993411282,1.28260111846
73,2022-08-12 00:00:00,1.5652029052286247,335007045.8120994,op,1.2338201561172408,1.4889628755243125,0.9297680649582655,1.2763519228775662,0.9297680649582655,1.2763519228775662,0.9297680649582655,1.2763519228775662
72,2022-08-11 00:00:00,1.5600413915101283,404487226.4555814,op,1.1967243806420202,1.4818616077069908,0.9210634781052467,1.2694018079022487,0.9210634781052467,1.2694018079022487,0.9210634781052467,1.2694018079022487
71,2022-08-10 00:00:00,1.6303298198863683,301134517.6933721,op,1.160793544064976,1.4745125090819007,0.9121887848635123,1.2607056465061748,0.9121887848635123,1.2607056465061748,0.9121887848635123,1.2607056465061748
70,2022-08-09 00:00:00,1.8985020094584837,269306371.66574484,op,1.1242557400156477,1.4648679507222113,0.9020741223984017,1.2522844762016463,0.9020741223984017,1.2522844762016463,0.9020741223984017,1.2522844762016463
69,2022-08-08 00:00:00,1.912903098714543,190883107.3782773,op,1.0801718098779662,1.4449624779923818,0.8878394382975434,1.238843925540902,0.8878394382975434,1.238843925540902,0.8878394382975434,1.238843925540902
68,2022-08-07 00:00:00,1.919091142222308,285280418.2312683,op,1.035633018714991,1.4257558554551857,0.8729834432190362,1.228758196704131,0.8729834432190362,1.228758196704131,0.8729834432190362,1.228758196704131
67,2022-08-06 00:00:00,1.9280611030604669,455425340.3254673,op,0.9908797538634728,1.3992345130510382,0.8575995064689881,1.2129677532244743,0.8575995064689881,1.2129677532244743,0.8575995064689881,1.2129677532244743
66,2022-08-05 00:00:00,1.9184392154802923,521589108.30902547,op,0.9447642314035746,1.357285648114663,0.8416224677138913,1.1858658928461074,0.8416224677138913,1.1858658928461074,0.8416224677138913,1.1858658928461074
65,2022-08-04 00:00:00,1.9987195512505707,440298169.0179671,op,0.8982686639958867,1.3023623677933034,0.8253070624447034,1.152625125609151,0.8253070624447034,1.152625125609151,0.8253070624447034,1.152625125609151
64,2022-08-03 00:00:00,1.6143018743780355,381187402.9442346,op,0.8504129606767631,1.2419344145193123,0.8072545626169209,1.1189259639077653,0.8072545626169209,1.1189259639077653,0.8072545626169209,1.1189259639077653
63,2022-08-02 00:00:00,1.5106944533792785,253269764.79337808,op,0.8139595483322317,1.2115069802239429,0.7946444483706534,1.1012343923000283,0.7946444483706534,1.1012343923000283,0.7946444483706534,1.1012343923000283
62,2022-08-01 00:00:00,1.590165760266356,256049266.4951197,op,0.7811537865444541,1.1922627071460254,0.7832785752752784,1.0912822306685586,0.7832785752752784,1.0912822306685586,0.7832785752752784,1.0912822306685586
61,2022-07-31 00:00:00,1.8021672964250726,455669189.1083213,op,0.7458948986871289,1.164581943766917,0.7702642658399385,1.0787146942925938,0.7702642658399385,1.0787146942925938,0.7702642658399385,1.0787146942925938
60,2022-07-30 00:00:00,1.8314939867213627,932960965.9994445,op,0.7037620784355781,1.0887160570255099,0.7533478227155921,1.044759445640048,0.7533478227155921,1.044759445640048,0.7533478227155921,1.044759445640048
59,2022-07-29 00:00:00,1.4340785825781186,591992875.2347472,op,0.6621020199104294,0.871574108560907,0.7353787199821624,0.9611188497230024,0.7353787199821624,0.9611188497230024,0.7353787199821624,0.9611188497230024
58,2022-07-28 00:00:00,1.0536993519054652,234030883.17459306,op,0.6319350246770271,0.7486596911019744,0.7235363494296887,0.9269052883111295,0.7235363494296887,0.9269052883111295,0.7235363494296887,0.9269052883111295
57,2022-07-27 00:00:00,0.8213311390692773,119445556.50805806,op,0.6146927513599925,0.7185634919297201,0.7178438838697615,0.9231725237967622,0.7178438838697615,0.9231725237967622,0.7178438838697615,0.9231725237967622
56,2022-07-26 00:00:00,0.8025880419616809,134785811.41154152,op,0.6058076617247882,0.7089834639525344,0.7160283179890682,0.9247260829738857,0.7160283179890682,0.9247260829738857,0.7160283179890682,0.9247260829738857
55,2022-07-25 00:00:00,0.9228782972036856,162082962.65116796,op,0.5984448951198769,0.6990957351230123,0.7144826086324144,0.9268653726776904,0.7144826086324144,0.9268653726776904,0.7144826086324144,0.9268653726776904
54,2022-07-24 00:00:00,0.9380608798779715,244470778.45849383,op,0.587458192546111,0.6805610537107818,0.7106935961129368,0.9269511576810788,0.7106935961129368,0.9269511576810788,0.7106935961129368,0.9269511576810788
53,2022-07-23 00:00:00,0.8273563355114107,213232117.86248142,op,0.5736853724233447,0.6511529938421484,0.7064830908580289,0.9265785280780848,0.7064830908580289,0.9265785280780848,0.7064830908580289,0.9265785280780848
52,2022-07-22 00:00:00,0.7686113032060343,149089414.08747593,op,0.5614869872570108,0.6302631752488925,0.7042024636004178,0.9295687503247928,0.7042024636004178,0.9295687503247928,0.7042024636004178,0.9295687503247928
51,2022-07-21 00:00:00,0.6869510476986517,195127140.15149003,op,0.5529363043012336,0.6169042214330184,0.7029638320695406,0.9330333159851975,0.7029638320695406,0.9330333159851975,0.7029638320695406,0.9330333159851975
50,2022-07-20 00:00:00,0.7178599899760572,182603699.20554107,op,0.5468761000889927,0.6066001729728717,0.7032778082336756,0.9401667597658427,0.7032778082336756,0.9401667597658427,0.7032778082336756,0.9401667597658427
49,2022-07-19 00:00:00,0.8164657149623685,348187901.8070034,op,0.5398450405968909,0.5928878040890279,0.7029861645988279,0.9463655594644733,0.7029861645988279,0.9463655594644733,0.7029861645988279,0.9463655594644733
48,2022-07-18 00:00:00,0.5800158318439751,131930346.50794242,op,0.5276642218573464,0.5368263857067427,0.7006702554077353,0.9536600541624686,0.7006702554077353,0.9536600541624686,0.7006702554077353,0.9536600541624686
47,2022-07-17 00:00:00,0.5206229289603378,40914352.238328256,op,0.5256350909256389,0.5323605312284572,0.7031838892319803,0.9617830502016709,0.7031838892319803,0.9617830502016709,0.7031838892319803,0.9617830502016709
46,2022-07-16 00:00:00,0.4811528917713316,43006900.01938587,op,0.5245872346807431,0.529859292093173,0.7070681649824408,0.9647775419735367,0.7070681649824408,0.9647775419735367,0.7070681649824408,0.9647775419735367
45,2022-07-15 00:00:00,0.49248175623710155,40981197.26023107,op,0.5281215735983269,0.540930276374823,0.7119793665739867,0.9682529638463926,0.7119793665739867,0.9682529638463926,0.7119793665739867,0.9682529638463926
44,2022-07-14 00:00:00,0.47033698277186375,43198238.28444246,op,0.530723386151773,0.5441575854108561,0.7168570912481397,0.9715333722348392,0.7168570912481397,0.9715333722348392,0.7168570912481397,0.9715333722348392
43,2022-07-13 00:00:00,0.45232964097200357,30528273.404655,op,0.5328493929912212,0.5447250345934771,0.7224598209862368,0.9752027044693907,0.7224598209862368,0.9752027044693907,0.7224598209862368,0.9752027044693907
42,2022-07-12 00:00:00,0.4821162941988037,24776442.735190753,op,0.5395575398255645,0.5547075577138993,0.7287419181958701,0.9779220499944113,0.7287419181958701,0.9779220499944113,0.7287419181958701,0.9779220499944113
41,2022-07-11 00:00:00,0.5341956984065243,25981912.891693205,op,0.5487979103727735,0.5646282780366289,0.734613956862467,0.9800236661147345,0.734613956862467,0.9800236661147345,0.734613956862467,0.9800236661147345
40,2022-07-10 00:00:00,0.575984105328035,28913599.643752743,op,0.5601515590685011,0.5988574949916409,0.7395022070687095,0.9820142297121505,0.7395022070687095,0.9820142297121505,0.7395022070687095,0.9820142297121505
39,2022-07-09 00:00:00,0.5767393638252891,52402718.347581744,op,0.5685262920769197,0.6181648598644928,0.7435901596122264,0.9840417316978379,0.7435901596122264,0.9840417316978379,0.7435901596122264,0.9840417316978379
38,2022-07-08 00:00:00,0.5764931966767604,46016082.574661426,op,0.5735485037277798,0.6240754339252227,0.7478683851452248,0.987761534641247,0.7478683851452248,0.987761534641247,0.7478683851452248,0.987761534641247
37,2022-07-07 00:00:00,0.5445954292635213,30114702.471900363,op,0.5914734251681374,0.6575107808219975,0.7523782585259738,0.9910864535715154,0.7523782585259738,0.9910864535715154,0.7523782585259738,0.9910864535715154
36,2022-07-06 00:00:00,0.5235721932496522,35554586.7248772,op,0.6174572793756796,0.7070310238057543,0.7579940106682023,0.9934613317315492,0.7579940106682023,0.9934613317315492,0.7579940106682023,0.9934613317315492
35,2022-07-05 00:00:00,0.5630484516768679,31564445.013043143,op,0.6390659925246723,0.7386730481705562,0.7645057278187175,0.9964307880857033,0.7645057278187175,0.9964307880857033,0.7645057278187175,0.9964307880857033
34,2022-07-04 00:00:00,0.5206995040420955,18233107.811046284,op,0.666684353855986,0.7846366329121817,0.7702616499941989,0.9988758994302451,0.7702616499941989,0.9988758994302451,0.7702616499941989,0.9988758994302451
33,2022-07-03 00:00:00,0.5265215997459488,26198087.79418958,op,0.6953060985558277,0.8491212644675843,0.7776017131104372,1.0004393919422838,0.7776017131104372,1.0004393919422838,0.7776017131104372,1.0004393919422838
32,2022-07-02 00:00:00,0.532399124546598,40868081.959599726,op,0.729249502451433,0.9491944616635004,0.7852102013942096,1.002676385424246,0.7852102013942096,1.002676385424246,0.7852102013942096,1.002676385424246
31,2022-07-01 00:00:00,0.5381826888785517,50946074.04091871,op,0.7527562933512891,0.9926869049981285,0.7931105475456975,1.0061648960346365,0.7931105475456975,1.0061648960346365,0.7931105475456975,1.0061648960346365
30,2022-06-30 00:00:00,0.5816922309669,94230597.54416475,op,0.7814310157373981,1.003919242960089,0.801334026857541,1.0105328352826521,0.801334026857541,1.0105328352826521,0.801334026857541,1.0105328352826521
29,2022-06-29 00:00:00,0.5290687255760484,61697601.36998844,op,0.8086554200538956,1.0180661702174805,0.8086554200538956,1.0180661702174805,0.8086554200538956,1.0180661702174805,0.8086554200538956,1.0180661702174805
28,2022-06-28 00:00:00,0.536431152394426,45452816.84196392,op,0.8182963405531317,1.0237559890896837,0.8182963405531317,1.0237559890896837,0.8182963405531317,1.0237559890896837,0.8182963405531317,1.0237559890896837
27,2022-06-27 00:00:00,0.5547784500131488,80251186.28082792,op,0.8283629544159427,1.0279694770702668,0.8283629544159427,1.0279694770702668,0.8283629544159427,1.0279694770702668,0.8283629544159427,1.0279694770702668
26,2022-06-26 00:00:00,0.5817050438143435,104660968.98505038,op,0.8384957138382683,1.0353050031006903,0.8384957138382683,1.0353050031006903,0.8384957138382683,1.0353050031006903,0.8384957138382683,1.0353050031006903
25,2022-06-25 00:00:00,0.5932772199907088,107064297.23500462,op,0.8483722780699577,1.0446649070769372,0.8483722780699577,1.0446649070769372,0.8483722780699577,1.0446649070769372,0.8483722780699577,1.0446649070769372
24,2022-06-24 00:00:00,0.5248762761949801,42645363.89586414,op,0.8585760803931276,1.0543985066670947,0.8585760803931276,1.0543985066670947,0.8585760803931276,1.0543985066670947,0.8585760803931276,1.0543985066670947
23,2022-06-23 00:00:00,0.4614047805213943,43862167.254564054,op,0.8724802389013839,1.0589860635128499,0.8724802389013839,1.0589860635128499,0.8724802389013839,1.0589860635128499,0.8724802389013839,1.0589860635128499
22,2022-06-22 00:00:00,0.5120908145327199,64225871.31012153,op,0.8903530849179052,1.0643588521443261,0.8903530849179052,1.0643588521443261,0.8903530849179052,1.0643588521443261,0.8903530849179052,1.0643588521443261
21,2022-06-21 00:00:00,0.505144921331425,59976626.756834306,op,0.9075468244808682,1.0717264867096763,0.9075468244808682,1.0717264867096763,0.9075468244808682,1.0717264867096763,0.9075468244808682,1.0717264867096763
20,2022-06-20 00:00:00,0.5069282052130033,49893307.481537275,op,0.9267088198689369,1.078874034821214,0.9267088198689369,1.078874034821214,0.9267088198689369,1.078874034821214,0.9267088198689369,1.078874034821214
19,2022-06-19 00:00:00,0.4510411527760327,70242872.85317828,op,0.9476978506017335,1.0849398827516334,0.9476978506017335,1.0849398827516334,0.9476978506017335,1.0849398827516334,0.9476978506017335,1.0849398827516334
18,2022-06-18 00:00:00,0.5191419038927495,53548233.9580257,op,0.9738376768030863,1.0945482575990868,0.9738376768030863,1.0945482575990868,0.9738376768030863,1.0945482575990868,0.9738376768030863,1.0945482575990868
17,2022-06-17 00:00:00,0.4891872416134628,100796992.67563428,op,0.9990985530758826,1.1012748501500023,0.9990985530758826,1.1012748501500023,0.9990985530758826,1.1012748501500023,0.9990985530758826,1.1012748501500023
16,2022-06-16 00:00:00,0.587183059298845,314904267.90818006,op,1.0290933361030838,1.1150469409958508,1.0290933361030838,1.1150469409958508,1.0290933361030838,1.1150469409958508,1.0290933361030838,1.1150469409958508
15,2022-06-15 00:00:00,0.5705361328404825,142354163.64541882,op,1.0567127284033488,1.1549580229468106,1.0567127284033488,1.1549580229468106,1.0567127284033488,1.1549580229468106,1.0567127284033488,1.1549580229468106
14,2022-06-14 00:00:00,0.5341171879553153,200163533.85238472,op,1.0891245014408732,1.1756400521754742,1.0891245014408732,1.1756400521754742,1.0891245014408732,1.1756400521754742,1.0891245014408732,1.1756400521754742
13,2022-06-13 00:00:00,0.6535740460023031,178209532.50526085,op,1.128767880975556,1.2092339461495623,1.128767880975556,1.2092339461495623,1.128767880975556,1.2092339461495623,1.128767880975556,1.2092339461495623
12,2022-06-12 00:00:00,0.7593274106150699,102911050.37137058,op,1.1653212528965753,1.2364069887545617,1.1653212528965753,1.2364069887545617,1.1653212528965753,1.2364069887545617,1.1653212528965753,1.2364069887545617
11,2022-06-11 00:00:00,0.8748051592783558,279691214.1714689,op,1.1991540730867007,1.2502710980490972,1.1991540730867007,1.2502710980490972,1.1991540730867007,1.2502710980490972,1.1991540730867007,1.2502710980490972
10,2022-06-10 00:00:00,0.8272260955805965,230366982.6676089,op,1.2286403379783686,1.2824684025996813,1.2286403379783686,1.2824684025996813,1.2286403379783686,1.2824684025996813,1.2286403379783686,1.2824684025996813
9,2022-06-09 00:00:00,0.7274057133510842,133813787.4792204,op,1.2687817622181456,1.3170658800956785,1.2687817622181456,1.3170658800956785,1.2687817622181456,1.3170658800956785,1.2687817622181456,1.3170658800956785
8,2022-06-08 00:00:00,1.11424083988749,199775786.9566918,op,1.3289346565367082,1.34429867822246,1.3289346565367082,1.34429867822246,1.3289346565367082,1.34429867822246,1.3289346565367082,1.34429867822246
7,2022-06-07 00:00:00,1.3241110554897875,232356762.9578244,op,1.3557713836178604,1.3613358051587021,1.3557713836178604,1.3613358051587021,1.3557713836178604,1.3613358051587021,1.3557713836178604,1.3613358051587021
6,2022-06-06 00:00:00,1.1718335877194317,215842964.40000486,op,1.3602942876361566,1.3648442995904997,1.3602942876361566,1.3648442995904997,1.3602942876361566,1.3648442995904997,1.3602942876361566,1.3648442995904997
5,2022-06-05 00:00:00,1.391599291616283,244188282.65830904,op,1.3917044042889442,1.383364488113958,1.3917044042889442,1.383364488113958,1.3917044042889442,1.383364488113958,1.3917044042889442,1.383364488113958
4,2022-06-04 00:00:00,1.3793518450373485,425232394.3505877,op,1.3917254268234762,1.3823616987171667,1.3917254268234762,1.3823616987171667,1.3917254268234762,1.3823616987171667,1.3917254268234762,1.3823616987171667
3,2022-06-03 00:00:00,1.5448237166141074,652849883.4708306,op,1.3948188222700082,1.3831717454024528,1.3948188222700082,1.3831717454024528,1.3948188222700082,1.3831717454024528,1.3948188222700082,1.3831717454024528
2,2022-06-02 00:00:00,1.237602851542276,744155367.3548197,op,1.344817190821975,1.2693470601405623,1.344817190821975,1.2693470601405623,1.344817190821975,1.2693470601405623,1.344817190821975,1.2693470601405623
1,2022-06-01 00:00:00,1.3984243604618247,91505722.35416752,op,1.3984243604618247,1.3984243604618247,1.3984243604618247,1.3984243604618247,1.3984243604618247,1.3984243604618247,1.3984243604618247,1.3984243604618247
0,2022-05-31 00:00:00,1.3984243604618247,91505722.35416752,op,1.3984243604618247,1.3984243604618247,1.3984243604618247,1.3984243604618247,1.3984243604618247,1.3984243604618247,1.3984243604618247,1.3984243604618247
