,hash,gasPrice,gas
5,0x6709fe1388e6dda290342b3ea3bddc583517c1d308bc8dd4f7c37056b02050b3,1000000,60702
13,0x1f573582412fa53f0dd9d161a0d63f3e999765a32b792105d4fce17314eedcf5,1000000,45690
17,0xab4fad2d1572d9419ea104e71d7f3ecdadb60a22d5338b835c66fb877a4fc0cd,1000000,60702
47,0x7721c565bbfea5d837904fb19b18bcd576dd84f2921ca613fe7a694d9d2997de,1000000,60702
60,0x979d77cabee73325d8153eb6b5f14a472cda2e87b6eb8c5eebb6534e3ebda3d4,1000000,66759
65,0xcb2bd8d1853ab7389be835cbd2a91e9d0a260338d78c25612bb45886c290e6bc,1000000,60702
188,0x78828cce91bc16edc021223f6c96e702abde9d4095a2b9a6ae64f7e9cb21f474,1000000,60702
233,0xa7fd1e640a427b2acdc4ed9d40ecf6f24dafc3940c7d773f8d000d764b1a469b,1000000,45702
253,0x5150c08ac5b0f2331fce2efcef2291e1f11c80054144b9b1f1f5845510ab61ec,1000000,45702
282,0x8abdc631799849aa953215a045ca701b26e5504195bfdcce1a97a218cec8991f,1000000,60690
307,0x13686771083d722ea50414f2a46abe34a089bb79283e15ea3ba548a571503737,1000000,60702
