,tribe,address,score,attempts
0,sky,0x4DfC7EA5aC59B63223930C134796fecC4258d093:298,400,2
1,earth,0x4DfC7EA5aC59B63223930C134796fecC4258d093:196,400,1
2,sky,0x4DfC7EA5aC59B63223930C134796fecC4258d093:669,400,1
3,sky,0x4DfC7EA5aC59B63223930C134796fecC4258d093:22,400,1
4,earth,0x4DfC7EA5aC59B63223930C134796fecC4258d093:289,400,1
5,sun,0x4DfC7EA5aC59B63223930C134796fecC4258d093:276,400,1
6,earth,0x4DfC7EA5aC59B63223930C134796fecC4258d093:501,400,3
7,earth,0x4DfC7EA5aC59B63223930C134796fecC4258d093:314,400,2
8,earth,0x4DfC7EA5aC59B63223930C134796fecC4258d093:278,400,6
9,earth,0x4DfC7EA5aC59B63223930C134796fecC4258d093:488,400,2
10,earth,0x4DfC7EA5aC59B63223930C134796fecC4258d093:605,400,2
11,fire,0x4DfC7EA5aC59B63223930C134796fecC4258d093:97,400,2
12,ice,0x4DfC7EA5aC59B63223930C134796fecC4258d093:109,400,1
13,ice,0x4DfC7EA5aC59B63223930C134796fecC4258d093:296,400,1
14,ice,0x4DfC7EA5aC59B63223930C134796fecC4258d093:61,400,2
15,earth,0x4DfC7EA5aC59B63223930C134796fecC4258d093:47,400,1
16,earth,0x4DfC7EA5aC59B63223930C134796fecC4258d093:39,400,1
17,sun,0x4DfC7EA5aC59B63223930C134796fecC4258d093:135,400,11
18,fire,0x4DfC7EA5aC59B63223930C134796fecC4258d093:143,400,1
19,earth,0x4DfC7EA5aC59B63223930C134796fecC4258d093:650,400,2
20,ice,0x4DfC7EA5aC59B63223930C134796fecC4258d093:606,400,20
21,earth,0x4DfC7EA5aC59B63223930C134796fecC4258d093:640,400,5
22,earth,0x4DfC7EA5aC59B63223930C134796fecC4258d093:101,400,2
23,fire,0x4DfC7EA5aC59B63223930C134796fecC4258d093:369,400,3
24,sky,0x4DfC7EA5aC59B63223930C134796fecC4258d093:144,400,2
25,sky,0x4DfC7EA5aC59B63223930C134796fecC4258d093:301,400,5
26,fire,0x4DfC7EA5aC59B63223930C134796fecC4258d093:443,400,1
27,earth,0x4DfC7EA5aC59B63223930C134796fecC4258d093:14,400,3
28,sky,0x4DfC7EA5aC59B63223930C134796fecC4258d093:30,400,2
29,fire,0x4DfC7EA5aC59B63223930C134796fecC4258d093:192,400,1
30,earth,0x4DfC7EA5aC59B63223930C134796fecC4258d093:414,400,2
31,ice,0x4DfC7EA5aC59B63223930C134796fecC4258d093:703,400,1
32,earth,0x4DfC7EA5aC59B63223930C134796fecC4258d093:156,400,3
33,sky,0x4DfC7EA5aC59B63223930C134796fecC4258d093:123,400,4
34,earth,0x4DfC7EA5aC59B63223930C134796fecC4258d093:191,400,1
35,ice,0x4DfC7EA5aC59B63223930C134796fecC4258d093:6,400,3
36,sky,0x4DfC7EA5aC59B63223930C134796fecC4258d093:493,400,1
37,earth,0x4DfC7EA5aC59B63223930C134796fecC4258d093:602,400,2
38,earth,0x4DfC7EA5aC59B63223930C134796fecC4258d093:138,400,1
39,ice,0x4DfC7EA5aC59B63223930C134796fecC4258d093:386,400,1
40,sun,0x4DfC7EA5aC59B63223930C134796fecC4258d093:234,400,2
41,fire,0x4DfC7EA5aC59B63223930C134796fecC4258d093:164,400,3
42,earth,0x4DfC7EA5aC59B63223930C134796fecC4258d093:250,400,1
43,sun,0x4DfC7EA5aC59B63223930C134796fecC4258d093:72,400,1
44,ice,0x4DfC7EA5aC59B63223930C134796fecC4258d093:285,400,7
45,sky,0x4DfC7EA5aC59B63223930C134796fecC4258d093:279,400,5
46,sun,0x4DfC7EA5aC59B63223930C134796fecC4258d093:91,400,7
47,sun,0x4DfC7EA5aC59B63223930C134796fecC4258d093:106,400,1
48,ice,0x4DfC7EA5aC59B63223930C134796fecC4258d093:406,400,1
49,fire,0x4DfC7EA5aC59B63223930C134796fecC4258d093:49,400,3
50,fire,0x4DfC7EA5aC59B63223930C134796fecC4258d093:33,400,1
51,earth,0x4DfC7EA5aC59B63223930C134796fecC4258d093:71,400,2
52,sky,0x4DfC7EA5aC59B63223930C134796fecC4258d093:448,400,5
53,fire,0x4DfC7EA5aC59B63223930C134796fecC4258d093:347,400,2
54,earth,0x4DfC7EA5aC59B63223930C134796fecC4258d093:371,400,2
55,sky,0x4DfC7EA5aC59B63223930C134796fecC4258d093:128,400,1
56,sky,0x4DfC7EA5aC59B63223930C134796fecC4258d093:17,400,2
57,earth,0x4DfC7EA5aC59B63223930C134796fecC4258d093:3,400,3
58,ice,0x4DfC7EA5aC59B63223930C134796fecC4258d093:473,400,14
59,fire,0x4DfC7EA5aC59B63223930C134796fecC4258d093:420,400,1
60,sun,0x4DfC7EA5aC59B63223930C134796fecC4258d093:388,400,3
61,sky,0x4DfC7EA5aC59B63223930C134796fecC4258d093:698,400,5
62,earth,0x4DfC7EA5aC59B63223930C134796fecC4258d093:23,400,2
63,sky,0x4DfC7EA5aC59B63223930C134796fecC4258d093:93,400,7
64,earth,0x4DfC7EA5aC59B63223930C134796fecC4258d093:437,400,4
65,sun,0x4DfC7EA5aC59B63223930C134796fecC4258d093:407,400,2
66,ice,0x4DfC7EA5aC59B63223930C134796fecC4258d093:530,400,6
67,sky,0x4DfC7EA5aC59B63223930C134796fecC4258d093:117,400,1
68,fire,0x4DfC7EA5aC59B63223930C134796fecC4258d093:286,400,3
69,sky,0x4DfC7EA5aC59B63223930C134796fecC4258d093:125,400,1
70,ice,0x4DfC7EA5aC59B63223930C134796fecC4258d093:749,400,2
71,earth,0x4DfC7EA5aC59B63223930C134796fecC4258d093:333,400,1
72,sky,0x4DfC7EA5aC59B63223930C134796fecC4258d093:86,400,3
73,earth,0x4DfC7EA5aC59B63223930C134796fecC4258d093:129,400,1
74,sky,0x4DfC7EA5aC59B63223930C134796fecC4258d093:451,400,8
75,sky,0x4DfC7EA5aC59B63223930C134796fecC4258d093:336,400,3
76,sun,0x4DfC7EA5aC59B63223930C134796fecC4258d093:321,395,3
77,sky,0x4DfC7EA5aC59B63223930C134796fecC4258d093:765,392,1
78,fire,0x4DfC7EA5aC59B63223930C134796fecC4258d093:240,391,3
79,earth,0x4DfC7EA5aC59B63223930C134796fecC4258d093:208,391,6
80,ice,0x4DfC7EA5aC59B63223930C134796fecC4258d093:141,390,2
81,sky,0x4DfC7EA5aC59B63223930C134796fecC4258d093:502,387,3
82,sky,0x4DfC7EA5aC59B63223930C134796fecC4258d093:295,386,2
83,sky,0x4DfC7EA5aC59B63223930C134796fecC4258d093:277,386,6
84,ice,0x4DfC7EA5aC59B63223930C134796fecC4258d093:307,385,1
85,earth,0x4DfC7EA5aC59B63223930C134796fecC4258d093:203,382,1
86,sky,0x4DfC7EA5aC59B63223930C134796fecC4258d093:275,381,5
87,earth,0x4DfC7EA5aC59B63223930C134796fecC4258d093:422,376,1
88,ice,0x4DfC7EA5aC59B63223930C134796fecC4258d093:444,375,3
89,fire,0x4DfC7EA5aC59B63223930C134796fecC4258d093:389,373,1
90,ice,0x4DfC7EA5aC59B63223930C134796fecC4258d093:335,365,4
91,sky,0x4DfC7EA5aC59B63223930C134796fecC4258d093:293,364,1
92,sky,0x4DfC7EA5aC59B63223930C134796fecC4258d093:644,364,4
93,fire,0x4DfC7EA5aC59B63223930C134796fecC4258d093:70,364,4
94,fire,0x4DfC7EA5aC59B63223930C134796fecC4258d093:269,362,6
95,sky,0x4DfC7EA5aC59B63223930C134796fecC4258d093:189,361,2
96,fire,0x4DfC7EA5aC59B63223930C134796fecC4258d093:214,360,1
97,fire,0x4DfC7EA5aC59B63223930C134796fecC4258d093:611,356,1
98,earth,0x4DfC7EA5aC59B63223930C134796fecC4258d093:273,354,16
99,sky,0x4DfC7EA5aC59B63223930C134796fecC4258d093:127,353,1
100,earth,0x4DfC7EA5aC59B63223930C134796fecC4258d093:69,346,18
101,fire,0x4DfC7EA5aC59B63223930C134796fecC4258d093:134,346,4
102,earth,0x4DfC7EA5aC59B63223930C134796fecC4258d093:673,344,2
103,earth,0x4DfC7EA5aC59B63223930C134796fecC4258d093:274,342,7
104,earth,0x4DfC7EA5aC59B63223930C134796fecC4258d093:519,341,8
105,earth,0x4DfC7EA5aC59B63223930C134796fecC4258d093:216,339,2
106,fire,0x4DfC7EA5aC59B63223930C134796fecC4258d093:81,337,1
107,ice,0x4DfC7EA5aC59B63223930C134796fecC4258d093:220,334,2
108,sun,0x4DfC7EA5aC59B63223930C134796fecC4258d093:137,333,1
109,fire,0x4DfC7EA5aC59B63223930C134796fecC4258d093:457,331,3
110,ice,0x4DfC7EA5aC59B63223930C134796fecC4258d093:719,331,1
111,fire,0x4DfC7EA5aC59B63223930C134796fecC4258d093:495,329,2
112,sky,0x4DfC7EA5aC59B63223930C134796fecC4258d093:193,329,1
113,fire,0x4DfC7EA5aC59B63223930C134796fecC4258d093:302,328,9
114,fire,0x4DfC7EA5aC59B63223930C134796fecC4258d093:557,323,10
115,earth,0x4DfC7EA5aC59B63223930C134796fecC4258d093:550,320,2
116,earth,0x4DfC7EA5aC59B63223930C134796fecC4258d093:35,319,8
117,ice,0x4DfC7EA5aC59B63223930C134796fecC4258d093:162,318,3
118,fire,0x4DfC7EA5aC59B63223930C134796fecC4258d093:167,317,11
119,fire,0x4DfC7EA5aC59B63223930C134796fecC4258d093:700,317,1
120,ice,0x4DfC7EA5aC59B63223930C134796fecC4258d093:578,316,2
121,sky,0x4DfC7EA5aC59B63223930C134796fecC4258d093:338,314,1
122,earth,0x4DfC7EA5aC59B63223930C134796fecC4258d093:331,314,4
123,earth,0x4DfC7EA5aC59B63223930C134796fecC4258d093:238,310,4
124,fire,0x4DfC7EA5aC59B63223930C134796fecC4258d093:319,307,8
125,earth,0x4DfC7EA5aC59B63223930C134796fecC4258d093:449,305,1
126,sun,0x4DfC7EA5aC59B63223930C134796fecC4258d093:64,305,8
127,sky,0x4DfC7EA5aC59B63223930C134796fecC4258d093:415,302,17
128,sun,0x4DfC7EA5aC59B63223930C134796fecC4258d093:410,301,3
129,sky,0x4DfC7EA5aC59B63223930C134796fecC4258d093:7,300,3
130,sky,0x4DfC7EA5aC59B63223930C134796fecC4258d093:446,298,1
131,ice,0x4DfC7EA5aC59B63223930C134796fecC4258d093:345,295,2
132,sky,0x4DfC7EA5aC59B63223930C134796fecC4258d093:543,292,3
133,ice,0x4DfC7EA5aC59B63223930C134796fecC4258d093:601,291,1
134,sky,0x4DfC7EA5aC59B63223930C134796fecC4258d093:425,289,6
135,fire,0x4DfC7EA5aC59B63223930C134796fecC4258d093:750,287,1
136,fire,0x4DfC7EA5aC59B63223930C134796fecC4258d093:148,285,2
137,ice,0x4DfC7EA5aC59B63223930C134796fecC4258d093:133,284,2
138,sun,0x4DfC7EA5aC59B63223930C134796fecC4258d093:107,283,5
139,ice,0x4DfC7EA5aC59B63223930C134796fecC4258d093:120,280,1
140,fire,0x4DfC7EA5aC59B63223930C134796fecC4258d093:223,277,3
141,sun,0x4DfC7EA5aC59B63223930C134796fecC4258d093:352,277,1
142,sun,0x4DfC7EA5aC59B63223930C134796fecC4258d093:733,276,4
143,sun,0x4DfC7EA5aC59B63223930C134796fecC4258d093:497,274,1
144,earth,0x4DfC7EA5aC59B63223930C134796fecC4258d093:585,274,2
145,earth,0x4DfC7EA5aC59B63223930C134796fecC4258d093:474,273,1
146,earth,0x4DfC7EA5aC59B63223930C134796fecC4258d093:217,272,6
147,sky,0x4DfC7EA5aC59B63223930C134796fecC4258d093:132,270,3
148,ice,0x4DfC7EA5aC59B63223930C134796fecC4258d093:590,269,2
149,earth,0x4DfC7EA5aC59B63223930C134796fecC4258d093:413,269,1
150,ice,0x4DfC7EA5aC59B63223930C134796fecC4258d093:219,268,3
151,ice,0x4DfC7EA5aC59B63223930C134796fecC4258d093:755,266,18
152,sky,0x4DfC7EA5aC59B63223930C134796fecC4258d093:185,266,2
153,sky,0x4DfC7EA5aC59B63223930C134796fecC4258d093:90,265,5
154,earth,0x4DfC7EA5aC59B63223930C134796fecC4258d093:789,264,22
155,earth,0x4DfC7EA5aC59B63223930C134796fecC4258d093:465,264,1
156,earth,0x4DfC7EA5aC59B63223930C134796fecC4258d093:573,262,6
157,fire,0x4DfC7EA5aC59B63223930C134796fecC4258d093:172,262,1
158,earth,0x4DfC7EA5aC59B63223930C134796fecC4258d093:116,261,1
159,sky,0x4DfC7EA5aC59B63223930C134796fecC4258d093:343,259,3
160,sun,0x4DfC7EA5aC59B63223930C134796fecC4258d093:524,256,5
161,sun,0x4DfC7EA5aC59B63223930C134796fecC4258d093:383,251,2
162,sky,0x4DfC7EA5aC59B63223930C134796fecC4258d093:329,251,2
163,ice,0x4DfC7EA5aC59B63223930C134796fecC4258d093:254,248,5
164,fire,0x4DfC7EA5aC59B63223930C134796fecC4258d093:708,248,2
165,sun,0x4DfC7EA5aC59B63223930C134796fecC4258d093:392,246,4
166,sky,0x4DfC7EA5aC59B63223930C134796fecC4258d093:154,246,1
167,sun,0x4DfC7EA5aC59B63223930C134796fecC4258d093:186,245,5
168,earth,0x4DfC7EA5aC59B63223930C134796fecC4258d093:341,245,26
169,fire,0x4DfC7EA5aC59B63223930C134796fecC4258d093:68,245,13
170,sky,0x4DfC7EA5aC59B63223930C134796fecC4258d093:463,244,2
171,fire,0x4DfC7EA5aC59B63223930C134796fecC4258d093:160,242,8
172,fire,0x4DfC7EA5aC59B63223930C134796fecC4258d093:271,241,1
173,ice,0x4DfC7EA5aC59B63223930C134796fecC4258d093:194,239,3
174,earth,0x4DfC7EA5aC59B63223930C134796fecC4258d093:466,237,3
175,sky,0x4DfC7EA5aC59B63223930C134796fecC4258d093:467,237,6
176,sun,0x4DfC7EA5aC59B63223930C134796fecC4258d093:139,236,2
177,fire,0x4DfC7EA5aC59B63223930C134796fecC4258d093:170,236,10
178,sun,0x4DfC7EA5aC59B63223930C134796fecC4258d093:464,233,2
179,fire,0x4DfC7EA5aC59B63223930C134796fecC4258d093:736,229,70
180,sun,0x4DfC7EA5aC59B63223930C134796fecC4258d093:159,228,6
181,sky,0x4DfC7EA5aC59B63223930C134796fecC4258d093:498,226,3
182,sky,0x4DfC7EA5aC59B63223930C134796fecC4258d093:358,226,2
183,earth,0x4DfC7EA5aC59B63223930C134796fecC4258d093:244,224,7
184,earth,0x4DfC7EA5aC59B63223930C134796fecC4258d093:121,224,1
185,ice,0x4DfC7EA5aC59B63223930C134796fecC4258d093:246,222,3
186,ice,0x4DfC7EA5aC59B63223930C134796fecC4258d093:221,222,2
187,earth,0x4DfC7EA5aC59B63223930C134796fecC4258d093:11,221,5
188,sky,0x4DfC7EA5aC59B63223930C134796fecC4258d093:87,218,14
189,sky,0x4DfC7EA5aC59B63223930C134796fecC4258d093:379,217,1
190,ice,0x4DfC7EA5aC59B63223930C134796fecC4258d093:60,216,1
191,fire,0x4DfC7EA5aC59B63223930C134796fecC4258d093:294,214,8
192,ice,0x4DfC7EA5aC59B63223930C134796fecC4258d093:268,211,1
193,sun,0x4DfC7EA5aC59B63223930C134796fecC4258d093:5,211,5
194,fire,0x4DfC7EA5aC59B63223930C134796fecC4258d093:8,211,1
195,ice,0x4DfC7EA5aC59B63223930C134796fecC4258d093:492,211,8
196,sky,0x4DfC7EA5aC59B63223930C134796fecC4258d093:182,210,1
197,ice,0x4DfC7EA5aC59B63223930C134796fecC4258d093:478,210,1
198,ice,0x4DfC7EA5aC59B63223930C134796fecC4258d093:440,209,2
199,sun,0x4DfC7EA5aC59B63223930C134796fecC4258d093:20,206,4
200,sun,0x4DfC7EA5aC59B63223930C134796fecC4258d093:265,205,1
201,fire,0x4DfC7EA5aC59B63223930C134796fecC4258d093:660,204,1
202,earth,0x4DfC7EA5aC59B63223930C134796fecC4258d093:587,204,2
203,sky,0x4DfC7EA5aC59B63223930C134796fecC4258d093:542,204,1
204,earth,0x4DfC7EA5aC59B63223930C134796fecC4258d093:242,204,1
205,ice,0x4DfC7EA5aC59B63223930C134796fecC4258d093:157,200,1
206,ice,0x4DfC7EA5aC59B63223930C134796fecC4258d093:184,200,2
207,ice,0x4DfC7EA5aC59B63223930C134796fecC4258d093:243,199,2
208,earth,0x4DfC7EA5aC59B63223930C134796fecC4258d093:195,198,3
209,fire,0x4DfC7EA5aC59B63223930C134796fecC4258d093:309,198,16
210,earth,0x4DfC7EA5aC59B63223930C134796fecC4258d093:65,197,2
211,fire,0x4DfC7EA5aC59B63223930C134796fecC4258d093:126,195,3
212,sky,0x4DfC7EA5aC59B63223930C134796fecC4258d093:27,191,3
213,sun,0x4DfC7EA5aC59B63223930C134796fecC4258d093:45,190,3
214,sky,0x4DfC7EA5aC59B63223930C134796fecC4258d093:124,189,2
215,sun,0x4DfC7EA5aC59B63223930C134796fecC4258d093:239,189,1
216,sky,0x4DfC7EA5aC59B63223930C134796fecC4258d093:712,189,2
217,sky,0x4DfC7EA5aC59B63223930C134796fecC4258d093:320,189,3
218,fire,0x4DfC7EA5aC59B63223930C134796fecC4258d093:290,187,2
219,ice,0x4DfC7EA5aC59B63223930C134796fecC4258d093:308,183,4
220,earth,0x4DfC7EA5aC59B63223930C134796fecC4258d093:517,182,2
221,sun,0x4DfC7EA5aC59B63223930C134796fecC4258d093:706,182,1
222,sun,0x4DfC7EA5aC59B63223930C134796fecC4258d093:98,180,1
223,earth,0x4DfC7EA5aC59B63223930C134796fecC4258d093:471,180,6
224,earth,0x4DfC7EA5aC59B63223930C134796fecC4258d093:1,178,2
225,fire,0x4DfC7EA5aC59B63223930C134796fecC4258d093:261,177,8
226,ice,0x4DfC7EA5aC59B63223930C134796fecC4258d093:759,176,1
227,earth,0x4DfC7EA5aC59B63223930C134796fecC4258d093:54,174,3
228,earth,0x4DfC7EA5aC59B63223930C134796fecC4258d093:26,173,8
229,ice,0x4DfC7EA5aC59B63223930C134796fecC4258d093:57,171,1
230,ice,0x4DfC7EA5aC59B63223930C134796fecC4258d093:310,168,1
231,sun,0x4DfC7EA5aC59B63223930C134796fecC4258d093:424,167,38
232,earth,0x4DfC7EA5aC59B63223930C134796fecC4258d093:34,166,12
233,fire,0x4DfC7EA5aC59B63223930C134796fecC4258d093:207,166,5
234,fire,0x4DfC7EA5aC59B63223930C134796fecC4258d093:609,165,3
235,fire,0x4DfC7EA5aC59B63223930C134796fecC4258d093:66,164,3
236,earth,0x4DfC7EA5aC59B63223930C134796fecC4258d093:259,164,2
237,ice,0x4DfC7EA5aC59B63223930C134796fecC4258d093:747,164,1
238,fire,0x4DfC7EA5aC59B63223930C134796fecC4258d093:15,163,2
239,earth,0x4DfC7EA5aC59B63223930C134796fecC4258d093:580,162,7
240,ice,0x4DfC7EA5aC59B63223930C134796fecC4258d093:330,162,1
241,sky,0x4DfC7EA5aC59B63223930C134796fecC4258d093:323,161,10
242,sky,0x4DfC7EA5aC59B63223930C134796fecC4258d093:603,160,7
243,fire,0x4DfC7EA5aC59B63223930C134796fecC4258d093:667,159,2
244,ice,0x4DfC7EA5aC59B63223930C134796fecC4258d093:249,158,1
245,fire,0x4DfC7EA5aC59B63223930C134796fecC4258d093:18,155,2
246,sun,0x4DfC7EA5aC59B63223930C134796fecC4258d093:145,153,6
247,sky,0x4DfC7EA5aC59B63223930C134796fecC4258d093:280,149,16
248,sun,0x4DfC7EA5aC59B63223930C134796fecC4258d093:25,148,2
249,sky,0x4DfC7EA5aC59B63223930C134796fecC4258d093:303,147,3
250,fire,0x4DfC7EA5aC59B63223930C134796fecC4258d093:328,144,6
251,earth,0x4DfC7EA5aC59B63223930C134796fecC4258d093:576,140,11
252,ice,0x4DfC7EA5aC59B63223930C134796fecC4258d093:368,140,1
253,fire,0x4DfC7EA5aC59B63223930C134796fecC4258d093:201,140,9
254,earth,0x4DfC7EA5aC59B63223930C134796fecC4258d093:169,138,3
255,earth,0x4DfC7EA5aC59B63223930C134796fecC4258d093:435,137,3
256,earth,0x4DfC7EA5aC59B63223930C134796fecC4258d093:511,137,1
257,earth,0x4DfC7EA5aC59B63223930C134796fecC4258d093:281,135,2
258,sky,0x4DfC7EA5aC59B63223930C134796fecC4258d093:92,132,2
259,earth,0x4DfC7EA5aC59B63223930C134796fecC4258d093:695,131,5
260,sky,0x4DfC7EA5aC59B63223930C134796fecC4258d093:53,131,8
261,ice,0x4DfC7EA5aC59B63223930C134796fecC4258d093:4,130,3
262,sun,0x4DfC7EA5aC59B63223930C134796fecC4258d093:429,129,3
263,ice,0x4DfC7EA5aC59B63223930C134796fecC4258d093:595,128,4
264,earth,0x4DfC7EA5aC59B63223930C134796fecC4258d093:122,128,1
265,ice,0x4DfC7EA5aC59B63223930C134796fecC4258d093:152,126,1
266,sun,0x4DfC7EA5aC59B63223930C134796fecC4258d093:282,120,5
267,fire,0x4DfC7EA5aC59B63223930C134796fecC4258d093:248,115,1
268,sun,0x4DfC7EA5aC59B63223930C134796fecC4258d093:251,115,7
269,fire,0x4DfC7EA5aC59B63223930C134796fecC4258d093:510,113,1
270,sun,0x4DfC7EA5aC59B63223930C134796fecC4258d093:16,113,6
271,fire,0x4DfC7EA5aC59B63223930C134796fecC4258d093:232,109,4
272,ice,0x4DfC7EA5aC59B63223930C134796fecC4258d093:393,108,1
273,ice,0x4DfC7EA5aC59B63223930C134796fecC4258d093:40,108,6
274,earth,0x4DfC7EA5aC59B63223930C134796fecC4258d093:649,107,5
275,earth,0x4DfC7EA5aC59B63223930C134796fecC4258d093:237,106,1
276,sky,0x4DfC7EA5aC59B63223930C134796fecC4258d093:151,105,1
277,sun,0x4DfC7EA5aC59B63223930C134796fecC4258d093:56,104,13
278,fire,0x4DfC7EA5aC59B63223930C134796fecC4258d093:656,103,1
279,ice,0x4DfC7EA5aC59B63223930C134796fecC4258d093:233,103,3
280,earth,0x4DfC7EA5aC59B63223930C134796fecC4258d093:13,102,2
281,ice,0x4DfC7EA5aC59B63223930C134796fecC4258d093:390,101,3
282,sky,0x4DfC7EA5aC59B63223930C134796fecC4258d093:487,101,1
283,ice,0x4DfC7EA5aC59B63223930C134796fecC4258d093:153,100,1
284,fire,0x4DfC7EA5aC59B63223930C134796fecC4258d093:375,97,2
285,earth,0x4DfC7EA5aC59B63223930C134796fecC4258d093:44,92,2
286,ice,0x4DfC7EA5aC59B63223930C134796fecC4258d093:799,90,3
287,ice,0x4DfC7EA5aC59B63223930C134796fecC4258d093:59,90,1
288,sun,0x4DfC7EA5aC59B63223930C134796fecC4258d093:230,89,14
289,ice,0x4DfC7EA5aC59B63223930C134796fecC4258d093:586,89,1
290,sky,0x4DfC7EA5aC59B63223930C134796fecC4258d093:453,88,5
291,sun,0x4DfC7EA5aC59B63223930C134796fecC4258d093:225,86,10
292,fire,0x4DfC7EA5aC59B63223930C134796fecC4258d093:171,86,2
293,ice,0x4DfC7EA5aC59B63223930C134796fecC4258d093:89,85,1
294,ice,0x4DfC7EA5aC59B63223930C134796fecC4258d093:48,83,2
295,sky,0x4DfC7EA5aC59B63223930C134796fecC4258d093:67,83,16
296,earth,0x4DfC7EA5aC59B63223930C134796fecC4258d093:41,82,8
297,ice,0x4DfC7EA5aC59B63223930C134796fecC4258d093:37,81,2
298,sun,0x4DfC7EA5aC59B63223930C134796fecC4258d093:539,81,3
299,ice,0x4DfC7EA5aC59B63223930C134796fecC4258d093:224,79,3
300,sun,0x4DfC7EA5aC59B63223930C134796fecC4258d093:180,79,3
301,sun,0x4DfC7EA5aC59B63223930C134796fecC4258d093:255,75,8
302,earth,0x4DfC7EA5aC59B63223930C134796fecC4258d093:118,75,3
303,ice,0x4DfC7EA5aC59B63223930C134796fecC4258d093:247,69,2
304,earth,0x4DfC7EA5aC59B63223930C134796fecC4258d093:288,64,1
305,fire,0x4DfC7EA5aC59B63223930C134796fecC4258d093:213,63,13
306,earth,0x4DfC7EA5aC59B63223930C134796fecC4258d093:187,56,4
307,ice,0x4DfC7EA5aC59B63223930C134796fecC4258d093:235,53,3
308,fire,0x4DfC7EA5aC59B63223930C134796fecC4258d093:142,52,2
309,sun,0x4DfC7EA5aC59B63223930C134796fecC4258d093:183,52,5
310,fire,0x4DfC7EA5aC59B63223930C134796fecC4258d093:199,51,2
311,fire,0x4DfC7EA5aC59B63223930C134796fecC4258d093:452,46,5
312,fire,0x4DfC7EA5aC59B63223930C134796fecC4258d093:516,44,11
313,fire,0x4DfC7EA5aC59B63223930C134796fecC4258d093:51,43,17
314,sun,0x4DfC7EA5aC59B63223930C134796fecC4258d093:731,40,2
315,sun,0x4DfC7EA5aC59B63223930C134796fecC4258d093:28,36,2
316,sky,0x4DfC7EA5aC59B63223930C134796fecC4258d093:257,36,7
317,fire,0x4DfC7EA5aC59B63223930C134796fecC4258d093:318,35,3
318,earth,0x4DfC7EA5aC59B63223930C134796fecC4258d093:334,34,1
319,sun,0x4DfC7EA5aC59B63223930C134796fecC4258d093:646,31,5
320,sun,0x4DfC7EA5aC59B63223930C134796fecC4258d093:624,27,5
321,fire,0x4DfC7EA5aC59B63223930C134796fecC4258d093:46,25,17
322,fire,0x4DfC7EA5aC59B63223930C134796fecC4258d093:384,23,1
323,fire,0x4DfC7EA5aC59B63223930C134796fecC4258d093:675,21,4
324,ice,0x4DfC7EA5aC59B63223930C134796fecC4258d093:43,17,9
325,ice,0x4DfC7EA5aC59B63223930C134796fecC4258d093:267,17,3
326,sky,0x4DfC7EA5aC59B63223930C134796fecC4258d093:360,0,0
327,earth,0x4DfC7EA5aC59B63223930C134796fecC4258d093:346,0,0
328,earth,0x4DfC7EA5aC59B63223930C134796fecC4258d093:349,0,0
329,earth,0x4DfC7EA5aC59B63223930C134796fecC4258d093:305,0,0
330,earth,0x4DfC7EA5aC59B63223930C134796fecC4258d093:529,0,0
331,earth,0x4DfC7EA5aC59B63223930C134796fecC4258d093:38,0,0
332,fire,0x4DfC7EA5aC59B63223930C134796fecC4258d093:75,0,0
333,fire,0x4DfC7EA5aC59B63223930C134796fecC4258d093:211,0,0
334,fire,0x4DfC7EA5aC59B63223930C134796fecC4258d093:260,0,0
335,fire,0x4DfC7EA5aC59B63223930C134796fecC4258d093:521,0,0
336,fire,0x4DfC7EA5aC59B63223930C134796fecC4258d093:665,0,0
337,fire,0x4DfC7EA5aC59B63223930C134796fecC4258d093:616,0,0
338,ice,0x4DfC7EA5aC59B63223930C134796fecC4258d093:337,0,0
339,ice,0x4DfC7EA5aC59B63223930C134796fecC4258d093:682,0,0
340,ice,0x4DfC7EA5aC59B63223930C134796fecC4258d093:12,0,0
341,ice,0x4DfC7EA5aC59B63223930C134796fecC4258d093:80,0,0
342,ice,0x4DfC7EA5aC59B63223930C134796fecC4258d093:115,0,0
343,ice,0x4DfC7EA5aC59B63223930C134796fecC4258d093:147,0,0
344,ice,0x4DfC7EA5aC59B63223930C134796fecC4258d093:205,0,0
345,ice,0x4DfC7EA5aC59B63223930C134796fecC4258d093:684,0,0
346,ice,0x4DfC7EA5aC59B63223930C134796fecC4258d093:714,0,0
347,ice,0x4DfC7EA5aC59B63223930C134796fecC4258d093:683,0,0
348,ice,0x4DfC7EA5aC59B63223930C134796fecC4258d093:725,0,0
349,ice,0x4DfC7EA5aC59B63223930C134796fecC4258d093:327,0,0
350,sun,0x4DfC7EA5aC59B63223930C134796fecC4258d093:78,0,0
351,sun,0x4DfC7EA5aC59B63223930C134796fecC4258d093:83,0,0
352,sun,0x4DfC7EA5aC59B63223930C134796fecC4258d093:131,0,0
353,sun,0x4DfC7EA5aC59B63223930C134796fecC4258d093:377,0,0
354,sun,0x4DfC7EA5aC59B63223930C134796fecC4258d093:353,0,0
355,sun,0x4DfC7EA5aC59B63223930C134796fecC4258d093:552,0,0
356,sun,0x4DfC7EA5aC59B63223930C134796fecC4258d093:559,0,0
357,sun,0x4DfC7EA5aC59B63223930C134796fecC4258d093:245,0,0
358,sun,0x4DfC7EA5aC59B63223930C134796fecC4258d093:367,0,0
359,sun,0x4DfC7EA5aC59B63223930C134796fecC4258d093:494,0,0
360,sun,0x4DfC7EA5aC59B63223930C134796fecC4258d093:504,0,0
361,sun,0x4DfC7EA5aC59B63223930C134796fecC4258d093:188,0,0
