,date,protocol,chain,usd_value,net_dollar_flow,rank_desc,cumul_net_dollar_flow,flow_direction,abs_cumul_net_dollar_flow,cumul_net_dollar_flow_1d,flow_direction_1d,abs_cumul_net_dollar_flow_1d,cumul_net_dollar_flow_7d,flow_direction_7d,abs_cumul_net_dollar_flow_7d,cumul_net_dollar_flow_30d,flow_direction_30d,abs_cumul_net_dollar_flow_30d,cumul_net_dollar_flow_90d,flow_direction_90d,abs_cumul_net_dollar_flow_90d,cumul_net_dollar_flow_180d,flow_direction_180d,abs_cumul_net_dollar_flow_180d,cumul_net_dollar_flow_365d,flow_direction_365d,abs_cumul_net_dollar_flow_365d,pct_of_tvl
12047,2022-12-18 00:00:00,olympus-dao,Ethereum,0.0,-1036035752.4609,1,-1277007496.351936,-1,1277007496.351936,-1036035752.4609,-1,1036035752.4609,-1037467335.0097716,-1,1037467335.0097716,-1035547768.2416915,-1,1035547768.2416915,-1265277075.1370888,-1,1265277075.1370888,-1277007496.351936,-1,1277007496.351936,-1277007496.351936,-1,1277007496.351936,-inf
12106,2022-12-18 00:59:47,dforce,Ethereum,24984677.93975,0.0,1,4246296.808202885,1,4246296.808202885,0.0,1,0.0,-557541.5200274517,-1,557541.5200274517,-327915.20945046144,-1,327915.20945046144,4974072.859532248,1,4974072.859532248,4246296.808202885,1,4246296.808202885,4246296.808202885,1,4246296.808202885,0.0
12107,2022-12-18 01:59:47,outcome-finance,Ethereum,68540363.00915,0.0,1,25322490.252823636,1,25322490.252823636,0.0,1,0.0,-687822.4335701697,-1,687822.4335701697,25487785.22883022,1,25487785.22883022,25331613.465352993,1,25331613.465352993,25322490.252823636,1,25322490.252823636,25322490.252823636,1,25322490.252823636,0.0
12116,2022-12-18 02:59:23,maple,Ethereum,135887547.24355,0.0,1,32757702.909390822,1,32757702.909390822,0.0,1,0.0,136782336.00494933,1,136782336.00494933,-293556094.87234956,-1,293556094.87234956,13894166.994185405,1,13894166.994185405,32757702.909390822,1,32757702.909390822,32757702.909390822,1,32757702.909390822,0.0
12122,2022-12-18 02:59:23,vesper,Ethereum,74519134.04345,0.0,1,-20228017.268758733,-1,20228017.268758733,0.0,1,0.0,-2024752.9709573006,-1,2024752.9709573006,-11329450.601402769,-1,11329450.601402769,-18498990.918833956,-1,18498990.918833956,-20228017.268758733,-1,20228017.268758733,-20228017.268758733,-1,20228017.268758733,0.0
12121,2022-12-18 02:59:23,saddle-finance,Ethereum,40518392.9873,0.0,1,-148837686.31810588,-1,148837686.31810588,0.0,1,0.0,-24230936.97957391,-1,24230936.97957391,-33792086.116201974,-1,33792086.116201974,-148965340.84657302,-1,148965340.84657302,-148837686.31810588,-1,148837686.31810588,-148837686.31810588,-1,148837686.31810588,0.0
12120,2022-12-18 02:59:23,pancakeswap,Ethereum,54025406.33445,16960.18914656696,1,13718498.830841098,1,13718498.830841098,16960.18914656696,1,16960.18914656696,1773273.408207421,1,1773273.408207421,6626033.65012477,1,6626033.65012477,13718498.830841098,1,13718498.830841098,13718498.830841098,1,13718498.830841098,13718498.830841098,1,13718498.830841098,0.031392987665049873
12119,2022-12-18 02:59:23,opyn,Ethereum,251351949.78235,0.0,1,-58956171.71690431,-1,58956171.71690431,0.0,1,0.0,7544126.894816842,1,7544126.894816842,6402043.284704931,1,6402043.284704931,-91329987.10930404,-1,91329987.10930404,-58956171.71690431,-1,58956171.71690431,-58956171.71690431,-1,58956171.71690431,0.0
12117,2022-12-18 02:59:23,mimo-protocol,Ethereum,69396944.47555,0.0,1,2171533.7199445195,1,2171533.7199445195,0.0,1,0.0,-1198694.7436824706,-1,1198694.7436824706,-91320.61247285879,-1,91320.61247285879,2120859.295955049,1,2120859.295955049,2171533.7199445195,1,2171533.7199445195,2171533.7199445195,1,2171533.7199445195,0.0
12115,2022-12-18 02:59:23,keep-network,Ethereum,104879626.864,0.0,1,-2072915.4724061475,-1,2072915.4724061475,0.0,1,0.0,0.0,1,0.0,-96177.25252765785,-1,96177.25252765785,-2072915.4724061475,-1,2072915.4724061475,-2072915.4724061475,-1,2072915.4724061475,-2072915.4724061475,-1,2072915.4724061475,0.0
12118,2022-12-18 02:59:23,nftx,Ethereum,80151788.15305,463353.54075174994,1,-1015903.1409009839,-1,1015903.1409009839,463353.54075174994,1,463353.54075174994,91018.25800328003,1,91018.25800328003,-1028419.0274769559,-1,1028419.0274769559,-1438938.719142333,-1,1438938.719142333,-1015903.1409009839,-1,1015903.1409009839,-1015903.1409009839,-1,1015903.1409009839,0.5780950761410031
12113,2022-12-18 02:59:23,idle-finance,Ethereum,214030798.204,-39217.18428772698,1,-112997259.89027417,-1,112997259.89027417,-39217.18428772698,-1,39217.18428772698,-7941943.191978829,-1,7941943.191978829,-15529874.739773043,-1,15529874.739773043,-139547629.96621707,-1,139547629.96621707,-112997259.89027417,-1,112997259.89027417,-112997259.89027417,-1,112997259.89027417,-0.01832315004046649
12112,2022-12-18 02:59:23,hop-protocol,Ethereum,222042174.80940002,-320423.084664765,1,74681312.46224694,1,74681312.46224694,-320423.084664765,-1,320423.084664765,7573241.982075799,1,7573241.982075799,9022797.235942151,1,9022797.235942151,77230983.62948337,1,77230983.62948337,74681312.46224694,1,74681312.46224694,74681312.46224694,1,74681312.46224694,-0.14430730780754364
12111,2022-12-18 02:59:23,enzyme-finance,Ethereum,182865222.06885,5.480314593175697,1,1299887.5500447762,1,1299887.5500447762,5.480314593175697,1,5.480314593175697,-939666.1877749194,-1,939666.1877749194,-1589197.0385844747,-1,1589197.0385844747,1441389.0216526263,1,1441389.0216526263,1299887.5500447762,1,1299887.5500447762,1299887.5500447762,1,1299887.5500447762,2.996914629897379e-06
12110,2022-12-18 02:59:23,dydx,Ethereum,2215880667.4263496,-2179223.128400326,1,-136859783.41543964,-1,136859783.41543964,-2179223.128400326,-1,2179223.128400326,12019944.742423842,1,12019944.742423842,201028549.25020224,1,201028549.25020224,-113444643.35070185,-1,113444643.35070185,-136859783.41543964,-1,136859783.41543964,-136859783.41543964,-1,136859783.41543964,-0.09834568983948941
12109,2022-12-18 02:59:23,angle,Ethereum,240589951.67864996,0.0,1,-125775962.73552871,-1,125775962.73552871,0.0,1,0.0,-4600890.688411858,-1,4600890.688411858,-21554871.01092378,-1,21554871.01092378,-124732096.318822,-1,124732096.318822,-125775962.73552871,-1,125775962.73552871,-125775962.73552871,-1,125775962.73552871,0.0
12108,2022-12-18 02:59:23,alchemix,Ethereum,285554941.21500003,0.0,1,-14073287.38371361,-1,14073287.38371361,0.0,1,0.0,-288544.04775692243,-1,288544.04775692243,-3391007.9194167526,-1,3391007.9194167526,-14066601.195978073,-1,14066601.195978073,-14073287.38371361,-1,14073287.38371361,-14073287.38371361,-1,14073287.38371361,0.0
12114,2022-12-18 02:59:23,instadapp,Ethereum,7833416252.9708,10795842.682200432,1,-2186962851.7371225,-1,2186962851.7371225,10795842.682200432,1,10795842.682200432,-384998011.94422036,-1,384998011.94422036,-515586640.8186124,-1,515586640.8186124,-683274493.3594626,-1,683274493.3594626,-2186962851.7371225,-1,2186962851.7371225,-2186962851.7371225,-1,2186962851.7371225,0.13781780941496807
12138,2022-12-18 02:59:35,tornado-cash,Ethereum,716875263.7931,29658.999999999996,1,85262928.22897367,1,85262928.22897367,29658.999999999996,1,29658.999999999996,30148563.094999995,1,30148563.094999995,37443052.68999999,1,37443052.68999999,83730231.99397366,1,83730231.99397366,85262928.22897367,1,85262928.22897367,85262928.22897367,1,85262928.22897367,0.004137260901299559
12137,2022-12-18 02:59:35,stargate,Ethereum,564601067.45025,-1714407.626861843,1,-180839809.99224362,-1,180839809.99224362,-1714407.626861843,-1,1714407.626861843,29372781.538417395,1,29372781.538417395,168317836.8154892,1,168317836.8154892,-138435041.1772001,-1,138435041.1772001,-180839809.99224362,-1,180839809.99224362,-180839809.99224362,-1,180839809.99224362,-0.30364937753379445
12136,2022-12-18 02:59:35,stakedao,Ethereum,164919928.9595,-8230.786013442375,1,-15357003.7286233,-1,15357003.7286233,-8230.786013442375,-1,8230.786013442375,-1708670.2327992113,-1,1708670.2327992113,-20682472.625321627,-1,20682472.625321627,-16398933.399078898,-1,16398933.399078898,-15357003.7286233,-1,15357003.7286233,-15357003.7286233,-1,15357003.7286233,-0.004990777079138592
12135,2022-12-18 02:59:35,reflexer,Ethereum,150048998.58485,0.0,1,-20630376.081745233,-1,20630376.081745233,0.0,1,0.0,53423.783579201045,1,53423.783579201045,2223547.6105209384,1,2223547.6105209384,-20630376.081745233,-1,20630376.081745233,-20630376.081745233,-1,20630376.081745233,-20630376.081745233,-1,20630376.081745233,0.0
12134,2022-12-18 02:59:35,rari-capital,Ethereum,73271239.8685,-18179.543371041902,1,-46893745.13565788,-1,46893745.13565788,-18179.543371041902,-1,18179.543371041902,1055818.4099648509,1,1055818.4099648509,-11985790.234037397,-1,11985790.234037397,-52488605.81812226,-1,52488605.81812226,-46893745.13565788,-1,46893745.13565788,-46893745.13565788,-1,46893745.13565788,-0.024811294859577584
12132,2022-12-18 02:59:35,notional,Ethereum,302836378.78285,0.0,1,-102448877.67735206,-1,102448877.67735206,0.0,1,0.0,7559823.49768129,1,7559823.49768129,-97391806.48456755,-1,97391806.48456755,-102448877.67735206,-1,102448877.67735206,-102448877.67735206,-1,102448877.67735206,-102448877.67735206,-1,102448877.67735206,0.0
12131,2022-12-18 02:59:35,nexus-mutual,Ethereum,818369574.10295,0.0,1,-2980201.4835914467,-1,2980201.4835914467,0.0,1,0.0,161745.0853502226,1,161745.0853502226,309460.984994723,1,309460.984994723,-3067928.880757428,-1,3067928.880757428,-2980201.4835914467,-1,2980201.4835914467,-2980201.4835914467,-1,2980201.4835914467,0.0
12133,2022-12-18 02:59:35,pooltogether,Ethereum,30034561.01515,34.827099999412894,1,-23921227.001984946,-1,23921227.001984946,34.827099999412894,1,34.827099999412894,49086.29522114235,1,49086.29522114235,-195815.16996746865,-1,195815.16996746865,-23921227.001984946,-1,23921227.001984946,-23921227.001984946,-1,23921227.001984946,-23921227.001984946,-1,23921227.001984946,0.00011595674723477879
12129,2022-12-18 02:59:35,lido,Ethereum,28769346182.5654,183481.3334529893,1,3514903352.8996983,1,3514903352.8996983,183481.3334529893,1,183481.3334529893,129945177.87031497,1,129945177.87031497,435201999.3439631,1,435201999.3439631,3441566364.2403703,1,3441566364.2403703,3514903352.8996983,1,3514903352.8996983,3514903352.8996983,1,3514903352.8996983,0.0006377667823545513
12128,2022-12-18 02:59:35,index-coop,Ethereum,229942938.0966,57582.844798564685,1,-5124361.5263392,-1,5124361.5263392,57582.844798564685,1,57582.844798564685,984874.0578438636,1,984874.0578438636,-3419195.242706721,-1,3419195.242706721,-6791793.349916392,-1,6791793.349916392,-5124361.5263392,-1,5124361.5263392,-5124361.5263392,-1,5124361.5263392,0.025042232336082396
12127,2022-12-18 02:59:35,harvest-finance,Ethereum,70419732.7949,148819.77920000255,1,-45359862.96792687,-1,45359862.96792687,148819.77920000255,1,148819.77920000255,-3741698.503794043,-1,3741698.503794043,-12753726.078277696,-1,12753726.078277696,-45645134.02666883,-1,45645134.02666883,-45359862.96792687,-1,45359862.96792687,-45359862.96792687,-1,45359862.96792687,0.2113324962953857
12126,2022-12-18 02:59:35,frax,Ethereum,5406045615.67165,38163.4421005249,1,-658286266.6611829,-1,658286266.6611829,38163.4421005249,1,38163.4421005249,-13285264.005099544,-1,13285264.005099544,504734826.90084225,1,504734826.90084225,-402252254.3068929,-1,402252254.3068929,-658286266.6611829,-1,658286266.6611829,-658286266.6611829,-1,658286266.6611829,0.0007059400680951054
12125,2022-12-18 02:59:35,cream-finance,Ethereum,151147087.65745,0.03423365070030854,1,-77.6712391070607,-1,77.6712391070607,0.03423365070030854,1,0.03423365070030854,-1.2296637736187628,-1,1.2296637736187628,-2.335567220153074,-1,2.335567220153074,-76.88173905173153,-1,76.88173905173153,-77.6712391070607,-1,77.6712391070607,-77.6712391070607,-1,77.6712391070607,2.2649229456470555e-08
12124,2022-12-18 02:59:35,convex-finance,Ethereum,15204225754.3772,5837831.2876350405,1,-5539932173.106144,-1,5539932173.106144,5837831.2876350405,1,5837831.2876350405,63301710.304094225,1,63301710.304094225,699543910.3815697,1,699543910.3815697,-6113823752.546509,-1,6113823752.546509,-5539932173.106144,-1,5539932173.106144,-5539932173.106144,-1,5539932173.106144,0.03839611027844918
12123,2022-12-18 02:59:35,beefy,Ethereum,36169391.4,0.0,1,27550092.67702164,1,27550092.67702164,0.0,1,0.0,701136.220281921,1,701136.220281921,21029568.269664235,1,21029568.269664235,27550092.67702164,1,27550092.67702164,27550092.67702164,1,27550092.67702164,27550092.67702164,1,27550092.67702164,0.0
12130,2022-12-18 02:59:35,liquity,Ethereum,2069196472.23485,1206077.303186807,1,341861630.00528646,1,341861630.00528646,1206077.303186807,1,1206077.303186807,16351552.721809136,1,16351552.721809136,-82190612.06096926,-1,82190612.06096926,281960265.7957995,1,281960265.7957995,341861630.00528646,1,341861630.00528646,341861630.00528646,1,341861630.00528646,0.05828722981941753
12178,2022-12-18 03:59:35,sturdy,Ethereum,83590644.88095,86306.62795001268,1,-2145302.5873596463,-1,2145302.5873596463,86306.62795001268,1,86306.62795001268,-2132637.426617045,-1,2132637.426617045,6952195.056482219,1,6952195.056482219,3369773.364873771,1,3369773.364873771,-2145302.5873596463,-1,2145302.5873596463,-2145302.5873596463,-1,2145302.5873596463,0.10324914716584707
12177,2022-12-18 03:59:35,strike,Ethereum,57448147.27185,0.0,1,-13309522.080035893,-1,13309522.080035893,0.0,1,0.0,-13675720.872808715,-1,13675720.872808715,-10765236.09935603,-1,10765236.09935603,-13507352.794293633,-1,13507352.794293633,-13309522.080035893,-1,13309522.080035893,-13309522.080035893,-1,13309522.080035893,0.0
12176,2022-12-18 03:59:35,spool-protocol,Ethereum,87894583.0803,153.45959229633962,1,-130632789.49898079,-1,130632789.49898079,153.45959229633962,1,153.45959229633962,1197826.39701034,1,1197826.39701034,-13361121.341649141,-1,13361121.341649141,-131912054.99802208,-1,131912054.99802208,-130632789.49898079,-1,130632789.49898079,-130632789.49898079,-1,130632789.49898079,0.0001745950511604791
12175,2022-12-18 03:59:35,silo-finance,Ethereum,88659655.94240001,61606.70471581638,1,86043725.18705414,1,86043725.18705414,61606.70471581638,1,61606.70471581638,-207775.43997320585,-1,207775.43997320585,75355764.60306884,1,75355764.60306884,86024686.03405215,1,86024686.03405215,86043725.18705414,1,86043725.18705414,86043725.18705414,1,86043725.18705414,0.06948674011981361
12174,2022-12-18 03:59:35,shibaswap,Ethereum,127347295.9075,-229818.4600820046,1,-11050751.779398222,-1,11050751.779398222,-229818.4600820046,-1,229818.4600820046,-2553667.882525868,-1,2553667.882525868,32294460.554509934,1,32294460.554509934,-4143578.1172441933,-1,4143578.1172441933,-11050751.779398222,-1,11050751.779398222,-11050751.779398222,-1,11050751.779398222,-0.1804659128757124
12169,2022-12-18 03:59:35,renvm,Ethereum,164426748.67264998,-6926.95953845739,1,-200213920.0787759,-1,200213920.0787759,-6926.95953845739,-1,6926.95953845739,-15841697.558045596,-1,15841697.558045596,-95224550.14563638,-1,95224550.14563638,-286524147.5137086,-1,286524147.5137086,-200213920.0787759,-1,200213920.0787759,-200213920.0787759,-1,200213920.0787759,-0.004212793596161152
12172,2022-12-18 03:59:35,sharedstake,Ethereum,94912461.1124,0.0,1,-38.22967749969153,-1,38.22967749969153,0.0,1,0.0,0.0,1,0.0,0.0,1,0.0,-38.22967749969153,-1,38.22967749969153,-38.22967749969153,-1,38.22967749969153,-38.22967749969153,-1,38.22967749969153,0.0
12171,2022-12-18 03:59:35,rhino.fi,Ethereum,90849431.26869999,50.04999999996615,1,18960474.66415862,1,18960474.66415862,50.04999999996615,1,50.04999999996615,-739571.5165409932,-1,739571.5165409932,-2439223.4921749914,-1,2439223.4921749914,16467889.384581989,1,16467889.384581989,18960474.66415862,1,18960474.66415862,18960474.66415862,1,18960474.66415862,5.509115390269888e-05
12170,2022-12-18 03:59:35,reserve,Ethereum,70274072.7099,0.0,1,-71375419.82626386,-1,71375419.82626386,0.0,1,0.0,0.0,1,0.0,66610848.42128168,1,66610848.42128168,-71375419.82626386,-1,71375419.82626386,-71375419.82626386,-1,71375419.82626386,-71375419.82626386,-1,71375419.82626386,0.0
12179,2022-12-18 03:59:35,sushi-bentobox,Ethereum,286305472.66235,379835.36447594035,1,-906784322.1187341,-1,906784322.1187341,379835.36447594035,1,379835.36447594035,-475777.8484827152,-1,475777.8484827152,-19403273.988864668,-1,19403273.988864668,-906784322.1187341,-1,906784322.1187341,-906784322.1187341,-1,906784322.1187341,-906784322.1187341,-1,906784322.1187341,0.13266786727611504
12173,2022-12-18 03:59:35,sherlock,Ethereum,59425454.54785,1269.3524343545962,1,4326442.214735901,1,4326442.214735901,1269.3524343545962,1,1269.3524343545962,66959.01932348014,1,66959.01932348014,611483.3913052622,1,611483.3913052622,4326442.214735901,1,4326442.214735901,4326442.214735901,1,4326442.214735901,4326442.214735901,1,4326442.214735901,0.0021360416071071033
12180,2022-12-18 03:59:35,sushiswap,Ethereum,1435934235.1394,-1356005.4130501747,1,-537636566.8101934,-1,537636566.8101934,-1356005.4130501747,-1,1356005.4130501747,-124654146.94964692,-1,124654146.94964692,-69332288.05913873,-1,69332288.05913873,-493466752.81004846,-1,493466752.81004846,-537636566.8101934,-1,537636566.8101934,-537636566.8101934,-1,537636566.8101934,-0.09443367111576208
12192,2022-12-18 03:59:35,wrapped,Ethereum,41843768.79050001,0.0,1,3626370.0000016433,1,3626370.0000016433,0.0,1,0.0,0.0,1,0.0,0.0,1,0.0,3626370.0000016433,1,3626370.0000016433,3626370.0000016433,1,3626370.0000016433,3626370.0000016433,1,3626370.0000016433,0.0
12182,2022-12-18 03:59:35,synthetix,Ethereum,911252763.98675,0.0,1,-50073879.29008203,-1,50073879.29008203,0.0,1,0.0,5364968.78990217,1,5364968.78990217,-33476434.128932126,-1,33476434.128932126,-56586901.597135276,-1,56586901.597135276,-50073879.29008203,-1,50073879.29008203,-50073879.29008203,-1,50073879.29008203,0.0
12183,2022-12-18 03:59:35,terra-bridge,Ethereum,321687896.61300004,5341.516411184296,1,-46761280.147176765,-1,46761280.147176765,5341.516411184296,1,5341.516411184296,-1684788.5591523417,-1,1684788.5591523417,-11341015.376626132,-1,11341015.376626132,-17385338.212092694,-1,17385338.212092694,-46761280.147176765,-1,46761280.147176765,-46761280.147176765,-1,46761280.147176765,0.0016604654596658005
12184,2022-12-18 03:59:35,tetu-earn,Ethereum,36239058.13365,19949.9573773555,1,-1562214.8941395807,-1,1562214.8941395807,19949.9573773555,1,19949.9573773555,-1848714.3396654185,-1,1848714.3396654185,46160.66592470772,1,46160.66592470772,-1562214.8941395807,-1,1562214.8941395807,-1562214.8941395807,-1,1562214.8941395807,-1562214.8941395807,-1,1562214.8941395807,0.055050982019951684
12185,2022-12-18 03:59:35,the-tokenized-bitcoin,Ethereum,101918175.80655,777698.4817178064,1,65721604.411336266,1,65721604.411336266,777698.4817178064,1,777698.4817178064,14303407.389914745,1,14303407.389914745,8885858.701099595,1,8885858.701099595,57356649.14910892,1,57356649.14910892,65721604.411336266,1,65721604.411336266,65721604.411336266,1,65721604.411336266,0.7630616183652553
12186,2022-12-18 03:59:35,tokensfarm,Ethereum,61865924.34835,-47610.7907499969,1,-6065325.817726327,-1,6065325.817726327,-47610.7907499969,-1,47610.7907499969,-619239.2428280574,-1,619239.2428280574,-1849627.7838104733,-1,1849627.7838104733,-7514044.36209624,-1,7514044.36209624,-6065325.817726327,-1,6065325.817726327,-6065325.817726327,-1,6065325.817726327,-0.07695802051208939
12187,2022-12-18 03:59:35,unicrypt,Ethereum,409116940.37804997,0.0,1,49188538.08492214,1,49188538.08492214,0.0,1,0.0,656317.3446031422,1,656317.3446031422,11557.204106017016,1,11557.204106017016,50968816.52100078,1,50968816.52100078,49188538.08492214,1,49188538.08492214,49188538.08492214,1,49188538.08492214,0.0
12188,2022-12-18 03:59:35,uniswap-v3,Ethereum,11217615910.867,10674337.63578454,1,-6183243224.98563,-1,6183243224.98563,10674337.63578454,1,10674337.63578454,-247006543.15011153,-1,247006543.15011153,-1862133279.8062325,-1,1862133279.8062325,-6516446263.832687,-1,6516446263.832687,-6183243224.98563,-1,6183243224.98563,-6183243224.98563,-1,6183243224.98563,0.09515691855204132
12189,2022-12-18 03:59:35,uwu-lend,Ethereum,255853292.00055,0.0,1,171547930.03185663,1,171547930.03185663,0.0,1,0.0,-10165601.579907903,-1,10165601.579907903,14045807.10549113,1,14045807.10549113,171547930.03185663,1,171547930.03185663,171547930.03185663,1,171547930.03185663,171547930.03185663,1,171547930.03185663,0.0
12190,2022-12-18 03:59:35,voltz,Ethereum,62513866.530899994,5874.254418259268,1,23701387.99457297,1,23701387.99457297,5874.254418259268,1,5874.254418259268,711281.1813589173,1,711281.1813589173,2799045.2629149472,1,2799045.2629149472,23589958.412897658,1,23589958.412897658,23701387.99457297,1,23701387.99457297,23701387.99457297,1,23701387.99457297,0.009396722270179339
12191,2022-12-18 03:59:35,wing-finance,Ethereum,8482980.0,310.0,1,-426615.05652492924,-1,426615.05652492924,310.0,1,310.0,-350297.99244447506,-1,350297.99244447506,-870932.5886687053,-1,870932.5886687053,-516644.8215249292,-1,516644.8215249292,-426615.05652492924,-1,426615.05652492924,-426615.05652492924,-1,426615.05652492924,0.0036543761744104075
12168,2022-12-18 03:59:35,redacted-protocol,Ethereum,66289688.712349996,-211.64420621176603,1,-19716251.37223075,-1,19716251.37223075,-211.64420621176603,-1,211.64420621176603,374804.07289493043,1,374804.07289493043,-1632128.0194567456,-1,1632128.0194567456,-19861244.46607251,-1,19861244.46607251,-19716251.37223075,-1,19716251.37223075,-19716251.37223075,-1,19716251.37223075,-0.0003192716851185575
12193,2022-12-18 03:59:35,yearn-finance,Ethereum,1676343235.0608997,-1117140.3684504032,1,-591132610.3180366,-1,591132610.3180366,-1117140.3684504032,-1,1117140.3684504032,-154020294.7084909,-1,154020294.7084909,-34539411.013385475,-1,34539411.013385475,-503323011.5068992,-1,503323011.5068992,-591132610.3180366,-1,591132610.3180366,-591132610.3180366,-1,591132610.3180366,-0.0666415054557618
12181,2022-12-18 03:59:35,synapse,Ethereum,308263827.2645,-212050.90217265493,1,-127252178.81353948,-1,127252178.81353948,-212050.90217265493,-1,212050.90217265493,-8893597.969779624,-1,8893597.969779624,-21703454.254371177,-1,21703454.254371177,-132270625.2903111,-1,132270625.2903111,-127252178.81353948,-1,127252178.81353948,-127252178.81353948,-1,127252178.81353948,-0.0687887722845628
12167,2022-12-18 03:59:35,pendle,Ethereum,65519207.94075,75808.29566406319,1,38170141.19048657,1,38170141.19048657,75808.29566406319,1,75808.29566406319,10800455.832701884,1,10800455.832701884,39975632.138231784,1,39975632.138231784,38152064.32928214,1,38152064.32928214,38170141.19048657,1,38170141.19048657,38170141.19048657,1,38170141.19048657,0.1157039256833168
12139,2022-12-18 03:59:35,across,Ethereum,341048064.10990006,-609620.6920407931,1,95159544.2305672,1,95159544.2305672,-609620.6920407931,-1,609620.6920407931,-22306216.16863071,-1,22306216.16863071,133645310.23376176,1,133645310.23376176,98544653.61424562,1,98544653.61424562,95159544.2305672,1,95159544.2305672,95159544.2305672,1,95159544.2305672,-0.1787492017091021
12165,2022-12-18 03:59:35,octus-bridge,Ethereum,4979151.41265,0.0,1,-418718.12618671264,-1,418718.12618671264,0.0,1,0.0,-5572.646217026765,-1,5572.646217026765,-27014.55131686636,-1,27014.55131686636,-343240.0966062585,-1,343240.0966062585,-418718.12618671264,-1,418718.12618671264,-418718.12618671264,-1,418718.12618671264,0.0
12166,2022-12-18 03:59:35,origin-dollar,Ethereum,255445674.12145,634.635150004196,1,19993040.14919343,1,19993040.14919343,634.635150004196,1,634.635150004196,63688.73821507101,1,63688.73821507101,8487424.577227,1,8487424.577227,45633872.05109357,1,45633872.05109357,19993040.14919343,1,19993040.14919343,19993040.14919343,1,19993040.14919343,0.0002484423164286833
12140,2022-12-18 03:59:35,acryptos,Ethereum,2041599.1500000001,0.0,1,-574923.0161268602,-1,574923.0161268602,0.0,1,0.0,-12387.638145701027,-1,12387.638145701027,-679826.4123148661,-1,679826.4123148661,-574923.0161268602,-1,574923.0161268602,-574923.0161268602,-1,574923.0161268602,-574923.0161268602,-1,574923.0161268602,0.0
12142,2022-12-18 03:59:35,arrakis-finance,Ethereum,2322196134.09645,14.631526653333381,1,-4213317697.9770265,-1,4213317697.9770265,14.631526653333381,1,14.631526653333381,-99342598.13923183,-1,99342598.13923183,-1920725920.1230245,-1,1920725920.1230245,-4210171210.9553823,-1,4210171210.9553823,-4213317697.9770265,-1,4213317697.9770265,-4213317697.9770265,-1,4213317697.9770265,6.300728193670171e-07
12143,2022-12-18 03:59:35,bancor-v2.1,Ethereum,92106159.6332,-878.2150635348389,1,-113049455.86988293,-1,113049455.86988293,-878.2150635348389,-1,878.2150635348389,-813438.9783539586,-1,813438.9783539586,-86927102.23605864,-1,86927102.23605864,-111791382.1895455,-1,111791382.1895455,-113049455.86988293,-1,113049455.86988293,-113049455.86988293,-1,113049455.86988293,-0.0009534813600221836
12144,2022-12-18 03:59:35,cbridge,Ethereum,381336445.02355003,148780.1921868356,1,-28142233.907709394,-1,28142233.907709394,148780.1921868356,1,148780.1921868356,-5556859.799254858,-1,5556859.799254858,-23995811.429825958,-1,23995811.429825958,-36252212.82751422,-1,36252212.82751422,-28142233.907709394,-1,28142233.907709394,-28142233.907709394,-1,28142233.907709394,0.039015466297129674
12145,2022-12-18 03:59:35,coinbase-wrapped-staked-eth,Ethereum,5775753633.122601,0.0,1,1807603224.866588,1,1807603224.866588,0.0,1,0.0,114032755.18236157,1,114032755.18236157,499057843.7423961,1,499057843.7423961,1673036643.9809077,1,1673036643.9809077,1807603224.866588,1,1807603224.866588,1807603224.866588,1,1807603224.866588,0.0
12146,2022-12-18 03:59:35,compound,Ethereum,7056080144.65365,454144.2993776168,1,-2268404634.3305273,-1,2268404634.3305273,454144.2993776168,1,454144.2993776168,-118023533.77104588,-1,118023533.77104588,-873967978.2644303,-1,873967978.2644303,-2556197865.220666,-1,2556197865.220666,-2268404634.3305273,-1,2268404634.3305273,-2268404634.3305273,-1,2268404634.3305273,0.006436212317142106
12147,2022-12-18 03:59:35,compound-v3,Ethereum,1365039548.80565,132802.5752031304,1,1100428205.7027683,1,1100428205.7027683,132802.5752031304,1,132802.5752031304,10760250.405171188,1,10760250.405171188,574983616.9159265,1,574983616.9159265,1053754180.7092689,1,1053754180.7092689,1100428205.7027683,1,1100428205.7027683,1100428205.7027683,1,1100428205.7027683,0.009728844509987044
12148,2022-12-18 03:59:35,connext,Ethereum,1614051.7244999998,-267.654095725023,1,-2141492.380481133,-1,2141492.380481133,-267.654095725023,-1,267.654095725023,-99012.28324858172,-1,99012.28324858172,270385.42941505107,1,270385.42941505107,-1534858.876443835,-1,1534858.876443835,-2141492.380481133,-1,2141492.380481133,-2141492.380481133,-1,2141492.380481133,-0.01658274587253
12149,2022-12-18 03:59:35,deus-finance,Ethereum,32172.60575,0.0,1,0.0,1,0.0,0.0,1,0.0,0.0,1,0.0,0.0,1,0.0,0.0,1,0.0,0.0,1,0.0,0.0,1,0.0,0.0
12150,2022-12-18 03:59:35,dxsale,Ethereum,17338442.053099997,0.0,1,6086526.069507844,1,6086526.069507844,0.0,1,0.0,-160669.58574668856,-1,160669.58574668856,6040166.817902555,1,6040166.817902555,6164955.104301033,1,6164955.104301033,6086526.069507844,1,6086526.069507844,6086526.069507844,1,6086526.069507844,0.0
12151,2022-12-18 03:59:35,fantohm,Ethereum,4585412.10055,0.0,1,1031617.1223994676,1,1031617.1223994676,0.0,1,0.0,0.0,1,0.0,1040052.5264679652,1,1040052.5264679652,1031617.0973744676,1,1031617.0973744676,1031617.1223994676,1,1031617.1223994676,1031617.1223994676,1,1031617.1223994676,0.0
12141,2022-12-18 03:59:35,apeswap-amm,Ethereum,736220.8346999999,0.0,1,-80367.68652649203,-1,80367.68652649203,0.0,1,0.0,-11724.11540254543,-1,11724.11540254543,-37843.51467226232,-1,37843.51467226232,-80337.39541076984,-1,80337.39541076984,-80367.68652649203,-1,80367.68652649203,-80367.68652649203,-1,80367.68652649203,0.0
12153,2022-12-18 03:59:35,flexa,Ethereum,406009791.5884,10940.007355200112,1,27146944.306445833,1,27146944.306445833,10940.007355200112,1,10940.007355200112,26030706.756391488,1,26030706.756391488,26026628.05762334,1,26026628.05762334,33529646.607476033,1,33529646.607476033,27146944.306445833,1,27146944.306445833,27146944.306445833,1,27146944.306445833,0.002694518108147192
12152,2022-12-18 03:59:35,flamincome,Ethereum,235588605.1692,0.0,1,-9888.563981729774,-1,9888.563981729774,0.0,1,0.0,0.0,1,0.0,-203.06443890114397,-1,203.06443890114397,-9888.563981729774,-1,9888.563981729774,-9888.563981729774,-1,9888.563981729774,-9888.563981729774,-1,9888.563981729774,0.0
12162,2022-12-18 03:59:35,lusd-chickenbonds,Ethereum,333796656.65115,-593089.4246549392,1,314509608.0797214,1,314509608.0797214,-593089.4246549392,-1,593089.4246549392,38661363.27353585,1,38661363.27353585,117440220.34450005,1,117440220.34450005,314509608.0797214,1,314509608.0797214,314509608.0797214,1,314509608.0797214,314509608.0797214,1,314509608.0797214,-0.17767985773289977
12161,2022-12-18 03:59:35,loopring,Ethereum,393897906.08045,-29647.396784906334,1,-175049883.99340454,-1,175049883.99340454,-29647.396784906334,-1,29647.396784906334,-676978.9821012,-1,676978.9821012,-107501528.79100266,-1,107501528.79100266,-174350345.75648493,-1,174350345.75648493,-175049883.99340454,-1,175049883.99340454,-175049883.99340454,-1,175049883.99340454,-0.007526670319199698
12160,2022-12-18 03:59:35,liqee,Ethereum,26111222.685500003,3793.393050007522,1,-759303.216585524,-1,759303.216585524,3793.393050007522,1,3793.393050007522,-214014.81710525762,-1,214014.81710525762,-53021.66019455747,-1,53021.66019455747,-534278.6480992215,-1,534278.6480992215,-759303.216585524,-1,759303.216585524,-759303.216585524,-1,759303.216585524,0.014527826198326807
12159,2022-12-18 03:59:35,kyberswap,Ethereum,191884301.7178,-172080.58904608805,1,90840149.27381106,1,90840149.27381106,-172080.58904608805,-1,172080.58904608805,-2551748.7194950604,-1,2551748.7194950604,35106244.39496101,1,35106244.39496101,89921188.44854993,1,89921188.44854993,90840149.27381106,1,90840149.27381106,90840149.27381106,1,90840149.27381106,-0.08967934714073858
12163,2022-12-18 03:59:35,lyra,Ethereum,1224839.4742,0.0,1,-735006.038519706,-1,735006.038519706,0.0,1,0.0,-500.0,-1,500.0,-557226.1321754563,-1,557226.1321754563,-735006.038519706,-1,735006.038519706,-735006.038519706,-1,735006.038519706,-735006.038519706,-1,735006.038519706,0.0
12157,2022-12-18 03:59:35,hector-network,Ethereum,32607678.414199997,6014.648262501594,1,6272683.579886033,1,6272683.579886033,6014.648262501594,1,6014.648262501594,-130615.96689960617,-1,130615.96689960617,-1316174.4414963466,-1,1316174.4414963466,6269981.682660366,1,6269981.682660366,6272683.579886033,1,6272683.579886033,6272683.579886033,1,6272683.579886033,0.018445496751103675
12156,2022-12-18 03:59:35,hbtc,Ethereum,1078091383.94375,0.0,1,-549537000.2009176,-1,549537000.2009176,0.0,1,0.0,0.0,1,0.0,0.0,1,0.0,-549537000.2009176,-1,549537000.2009176,-549537000.2009176,-1,549537000.2009176,-549537000.2009176,-1,549537000.2009176,0.0
12155,2022-12-18 03:59:35,hashflow,Ethereum,65435295.0634,22245.093955548626,1,2087316.8195802933,1,2087316.8195802933,22245.093955548626,1,22245.093955548626,-12679638.070935158,-1,12679638.070935158,-33587641.507023424,-1,33587641.507023424,7521960.339703377,1,7521960.339703377,2087316.8195802933,1,2087316.8195802933,2087316.8195802933,1,2087316.8195802933,0.0339955584123147
12154,2022-12-18 03:59:35,frax-ether,Ethereum,262198863.68545,13108.725499325024,1,279304163.04284585,1,279304163.04284585,13108.725499325024,1,13108.725499325024,23871878.390391212,1,23871878.390391212,178901798.98461267,1,178901798.98461267,279304163.04284585,1,279304163.04284585,279304163.04284585,1,279304163.04284585,279304163.04284585,1,279304163.04284585,0.004999535587252225
12158,2022-12-18 03:59:35,jpegd,Ethereum,76656576.82734999,-5497.76462061458,1,37904802.29948474,1,37904802.29948474,-5497.76462061458,-1,5497.76462061458,3226738.4320066324,1,3226738.4320066324,17268879.718204025,1,17268879.718204025,38377894.185849816,1,38377894.185849816,37904802.29948474,1,37904802.29948474,37904802.29948474,1,37904802.29948474,-0.007171941206032376
12164,2022-12-18 03:59:35,mento,Ethereum,349573634.3419,0.0,1,-9986237.710592613,-1,9986237.710592613,0.0,1,0.0,-9986237.710592613,-1,9986237.710592613,-9986237.710592613,-1,9986237.710592613,-9986237.710592613,-1,9986237.710592613,-9986237.710592613,-1,9986237.710592613,-9986237.710592613,-1,9986237.710592613,0.0
12220,2022-12-18 03:59:47,morpho-aave,Ethereum,632309002.7459,-1453081.7475957216,1,597016334.4606329,1,597016334.4606329,-1453081.7475957216,-1,1453081.7475957216,661025817.0830721,1,661025817.0830721,362298139.947972,1,362298139.947972,597016334.4606329,1,597016334.4606329,597016334.4606329,1,597016334.4606329,597016334.4606329,1,597016334.4606329,-0.2298056395347035
12229,2022-12-18 03:59:47,ribbon-lend,Ethereum,114983109.60419999,0.0,1,76297676.92054151,1,76297676.92054151,0.0,1,0.0,-28960263.365854695,-1,28960263.365854695,31044409.097276226,1,31044409.097276226,76297676.92054151,1,76297676.92054151,76297676.92054151,1,76297676.92054151,76297676.92054151,1,76297676.92054151,0.0
12221,2022-12-18 03:59:47,morpho-compound,Ethereum,207937771.48905,592080.8281269985,1,46496604.062304296,1,46496604.062304296,592080.8281269985,1,592080.8281269985,-5475703.903073449,-1,5475703.903073449,-74762005.16006716,-1,74762005.16006716,21544250.64405222,1,21544250.64405222,46496604.062304296,1,46496604.062304296,46496604.062304296,1,46496604.062304296,0.2847394313630881
12222,2022-12-18 03:59:47,mstable-cdp,Ethereum,56632236.2133,-1373.2632914034257,1,-114757291.19952662,-1,114757291.19952662,-1373.2632914034257,-1,1373.2632914034257,-4323820.300799339,-1,4323820.300799339,-19492138.84217423,-1,19492138.84217423,-117318313.27997132,-1,117318313.27997132,-114757291.19952662,-1,114757291.19952662,-114757291.19952662,-1,114757291.19952662,-0.0024248791558065244
12223,2022-12-18 03:59:47,nftfi,Ethereum,59988089.49775,-48510.11400454828,1,-34969934.72248146,-1,34969934.72248146,-48510.11400454828,-1,48510.11400454828,2686430.7197896973,1,2686430.7197896973,-29086259.828043826,-1,29086259.828043826,-34969934.72248146,-1,34969934.72248146,-34969934.72248146,-1,34969934.72248146,-34969934.72248146,-1,34969934.72248146,-0.0808662426336611
12224,2022-12-18 03:59:47,orbit-bridge,Ethereum,742359091.3065,128027.94061180676,1,-325399494.81256306,-1,325399494.81256306,128027.94061180676,1,128027.94061180676,-22892777.159097586,-1,22892777.159097586,-101887076.11326133,-1,101887076.11326133,-324575058.9136852,-1,324575058.9136852,-325399494.81256306,-1,325399494.81256306,-325399494.81256306,-1,325399494.81256306,0.01724609317931118
12225,2022-12-18 03:59:47,ouchi-finance,Ethereum,58012053.1111,0.0,1,15045606.036991037,1,15045606.036991037,0.0,1,0.0,-1648735.4601056715,-1,1648735.4601056715,11318751.24878434,1,11318751.24878434,19030429.837026637,1,19030429.837026637,15045606.036991037,1,15045606.036991037,15045606.036991037,1,15045606.036991037,0.0
12226,2022-12-18 03:59:47,pinksale,Ethereum,26265338.73375,0.0,1,239923.42851272985,1,239923.42851272985,0.0,1,0.0,175059.75380298382,1,175059.75380298382,2191613.591455956,1,2191613.591455956,-380007.23238521314,-1,380007.23238521314,239923.42851272985,1,239923.42851272985,239923.42851272985,1,239923.42851272985,0.0
12227,2022-12-18 03:59:47,qidao,Ethereum,25832738.2194,0.0,1,26856788.28654555,1,26856788.28654555,0.0,1,0.0,404269.04688723193,1,404269.04688723193,1242904.5687672435,1,1242904.5687672435,26856788.28654555,1,26856788.28654555,26856788.28654555,1,26856788.28654555,26856788.28654555,1,26856788.28654555,0.0
12228,2022-12-18 03:59:47,ribbon,Ethereum,234749766.2487,0.0,1,-70761112.82105386,-1,70761112.82105386,0.0,1,0.0,2825911.0724127674,1,2825911.0724127674,4878353.290397855,1,4878353.290397855,-81429994.02466252,-1,81429994.02466252,-70761112.82105386,-1,70761112.82105386,-70761112.82105386,-1,70761112.82105386,0.0
12235,2022-12-18 03:59:47,stakewise,Ethereum,482096051.75565,0.0,1,36884635.534083076,1,36884635.534083076,0.0,1,0.0,491760.1860601548,1,491760.1860601548,10696002.641765188,1,10696002.641765188,36778946.454977795,1,36778946.454977795,36884635.534083076,1,36884635.534083076,36884635.534083076,1,36884635.534083076,0.0
12231,2022-12-18 03:59:47,set-protocol,Ethereum,311135220.0332,57476.24729571572,1,-12044796.843250327,-1,12044796.843250327,57476.24729571572,1,57476.24729571572,1084426.0590944812,1,1084426.0590944812,-4167648.0938611543,-1,4167648.0938611543,-12888016.639245434,-1,12888016.639245434,-12044796.843250327,-1,12044796.843250327,-12044796.843250327,-1,12044796.843250327,0.018473076525885646
12232,2022-12-18 03:59:47,stader,Ethereum,150997564.93344998,-22131.811200001463,1,-15217695.218574876,-1,15217695.218574876,-22131.811200001463,-1,22131.811200001463,-282657.20362995856,-1,282657.20362995856,-5358183.100444745,-1,5358183.100444745,-16115873.848484853,-1,16115873.848484853,-15217695.218574876,-1,15217695.218574876,-15217695.218574876,-1,15217695.218574876,-0.014657064973038302
12233,2022-12-18 03:59:47,stafi,Ethereum,99936040.0738,0.0,1,3811.424884750373,1,3811.424884750373,0.0,1,0.0,0.0,1,0.0,55.236816013847665,1,55.236816013847665,3811.424884750373,1,3811.424884750373,3811.424884750373,1,3811.424884750373,3811.424884750373,1,3811.424884750373,0.0
12234,2022-12-18 03:59:47,stakehound,Ethereum,387829740.7338,0.0,1,0.0,1,0.0,0.0,1,0.0,0.0,1,0.0,0.0,1,0.0,0.0,1,0.0,0.0,1,0.0,0.0,1,0.0,0.0
12236,2022-12-18 03:59:47,swapr,Ethereum,4024224.12685,0.24932167152661577,1,172248.46513714103,1,172248.46513714103,0.24932167152661577,1,0.24932167152661577,16770.866353464986,1,16770.866353464986,91731.04695829094,1,91731.04695829094,122524.3763785293,1,122524.3763785293,172248.46513714103,1,172248.46513714103,172248.46513714103,1,172248.46513714103,6.195521513404739e-06
12237,2022-12-18 03:59:47,team-finance,Ethereum,193320847.7747,0.0,1,-150398299.49981356,-1,150398299.49981356,0.0,1,0.0,-8124130.555280035,-1,8124130.555280035,-31535117.66727484,-1,31535117.66727484,-145716975.3110082,-1,145716975.3110082,-150398299.49981356,-1,150398299.49981356,-150398299.49981356,-1,150398299.49981356,0.0
12238,2022-12-18 03:59:47,tokemak,Ethereum,184563236.7955,-1388.933852214132,1,36764628.77249598,1,36764628.77249598,-1388.933852214132,-1,1388.933852214132,-12970655.90548268,-1,12970655.90548268,-21892367.074687056,-1,21892367.074687056,9315831.12951064,1,9315831.12951064,36764628.77249598,1,36764628.77249598,36764628.77249598,1,36764628.77249598,-0.0007525517412512114
12239,2022-12-18 03:59:47,tranchess,Ethereum,865061.5766500001,0.0,1,262748.2485766682,1,262748.2485766682,0.0,1,0.0,4143.6799242806355,1,4143.6799242806355,262748.2485766682,1,262748.2485766682,262748.2485766682,1,262748.2485766682,262748.2485766682,1,262748.2485766682,262748.2485766682,1,262748.2485766682,0.0
12240,2022-12-18 03:59:47,uniswap-v2,Ethereum,4323420287.58525,982958.7095003128,1,-1107094488.9277687,-1,1107094488.9277687,982958.7095003128,1,982958.7095003128,-268605422.3328713,-1,268605422.3328713,-332043697.249737,-1,332043697.249737,-1008315352.3765738,-1,1008315352.3765738,-1107094488.9277687,-1,1107094488.9277687,-1107094488.9277687,-1,1107094488.9277687,0.022735673242846408
12219,2022-12-18 03:59:47,makerdao,Ethereum,5915508511.1161,1246199.538696282,1,-1157395246.1217115,-1,1157395246.1217115,1246199.538696282,1,1246199.538696282,-227548488.74874336,-1,227548488.74874336,-703093343.5873177,-1,703093343.5873177,-1184248855.693171,-1,1184248855.693171,-1157395246.1217115,-1,1157395246.1217115,-1157395246.1217115,-1,1157395246.1217115,0.02106665109777954
12230,2022-12-18 03:59:47,rocket-pool,Ethereum,2706155719.2182503,199469.8499999957,1,857775020.5898807,1,857775020.5898807,199469.8499999957,1,199469.8499999957,22236204.747574735,1,22236204.747574735,162826518.84598383,1,162826518.84598383,762690578.7161244,1,762690578.7161244,857775020.5898807,1,857775020.5898807,857775020.5898807,1,857775020.5898807,0.007370967183574278
12218,2022-12-18 03:59:47,iron-bank,Ethereum,52670120.53485,-602233.1093393984,1,5500315.761312082,1,5500315.761312082,-602233.1093393984,-1,602233.1093393984,10110915.810615143,1,10110915.810615143,20925834.54233359,1,20925834.54233359,-4455749.760901427,-1,4455749.760901427,5500315.761312082,1,5500315.761312082,5500315.761312082,1,5500315.761312082,-1.1434056030703814
12204,2022-12-18 03:59:47,chainport,Ethereum,497373675.0,1841390.0,1,178040888.65524834,1,178040888.65524834,1841390.0,1,1841390.0,-50652525.56544784,-1,50652525.56544784,-144001382.2743442,-1,144001382.2743442,182114387.80524835,1,182114387.80524835,178040888.65524834,1,178040888.65524834,178040888.65524834,1,178040888.65524834,0.37022265000253585
12216,2022-12-18 03:59:47,ichi-farm,Ethereum,58371645.7967,-4.48102220342939,1,13949715.03493008,1,13949715.03493008,-4.48102220342939,-1,4.48102220342939,694554.0523912215,1,694554.0523912215,10749706.731709436,1,10749706.731709436,16050832.403033234,1,16050832.403033234,13949715.03493008,1,13949715.03493008,13949715.03493008,1,13949715.03493008,-7.676710399833752e-06
12241,2022-12-18 03:59:47,unslashed,Ethereum,102539771.393,0.0,1,1580193.6669648713,1,1580193.6669648713,0.0,1,0.0,88124.82175726161,1,88124.82175726161,421201.5014899574,1,421201.5014899574,1531944.5732878034,1,1531944.5732878034,1580193.6669648713,1,1580193.6669648713,1580193.6669648713,1,1580193.6669648713,0.0
12194,2022-12-18 03:59:47,aave-v1,Ethereum,105239289.6465,0.008044496962997805,1,-25672534.319628567,-1,25672534.319628567,0.008044496962997805,1,0.008044496962997805,-2790029.9628127473,-1,2790029.9628127473,-4990045.452062416,-1,4990045.452062416,-25626339.584121197,-1,25626339.584121197,-25672534.319628567,-1,25672534.319628567,-25672534.319628567,-1,25672534.319628567,7.6440053805184e-09
12195,2022-12-18 03:59:47,aave-v2,Ethereum,14706093607.262651,44459523.9490627,1,-3491422835.842455,-1,3491422835.842455,44459523.9490627,1,44459523.9490627,238644861.16707376,1,238644861.16707376,-1806069345.46372,-1,1806069345.46372,-2786041414.0450616,-1,2786041414.0450616,-3491422835.842455,-1,3491422835.842455,-3491422835.842455,-1,3491422835.842455,0.3023204199319541
12196,2022-12-18 03:59:47,ankr,Ethereum,339678952.03705,96.0909750280818,1,-8090784.438012776,-1,8090784.438012776,96.0909750280818,1,96.0909750280818,-6216.593957610095,-1,6216.593957610095,-7273385.772344463,-1,7273385.772344463,-8090784.438012776,-1,8090784.438012776,-8090784.438012776,-1,8090784.438012776,-8090784.438012776,-1,8090784.438012776,2.8288763390202876e-05
12197,2022-12-18 03:59:47,aura,Ethereum,1215115295.76555,-1430708.2376884383,1,80827734.28049135,1,80827734.28049135,-1430708.2376884383,-1,1430708.2376884383,-620248449.2054697,-1,620248449.2054697,-864809728.8162639,-1,864809728.8162639,57024116.35541944,1,57024116.35541944,80827734.28049135,1,80827734.28049135,80827734.28049135,1,80827734.28049135,-0.11774259139640407
12198,2022-12-18 03:59:47,aztec,Ethereum,52263554.793050006,-91789.1141072163,1,15712516.408307781,1,15712516.408307781,-91789.1141072163,-1,91789.1141072163,804461.3249807481,1,804461.3249807481,3569151.885866674,1,3569151.885866674,10630221.110657567,1,10630221.110657567,15712516.408307781,1,15712516.408307781,15712516.408307781,1,15712516.408307781,-0.17562738407419312
12199,2022-12-18 03:59:47,b.protocol,Ethereum,371561269.19505,-593091.3968482648,1,274333945.11682904,1,274333945.11682904,-593091.3968482648,-1,593091.3968482648,36145726.796705574,1,36145726.796705574,108011953.20911448,1,108011953.20911448,274642513.337444,1,274642513.337444,274333945.11682904,1,274333945.11682904,274333945.11682904,1,274333945.11682904,-0.15962142613333663
12200,2022-12-18 03:59:47,balancer,Ethereum,6851890039.1987,1261189.2598495483,1,-231033012.78734264,-1,231033012.78734264,1261189.2598495483,1,1261189.2598495483,-298350179.4778793,-1,298350179.4778793,115377447.06410372,1,115377447.06410372,63056011.36567418,1,63056011.36567418,-231033012.78734264,-1,231033012.78734264,-231033012.78734264,-1,231033012.78734264,0.01840644337014257
12201,2022-12-18 03:59:47,bancor-v3,Ethereum,302018996.1126,-15682.840576126922,1,-15657378.187701654,-1,15657378.187701654,-15682.840576126922,-1,15682.840576126922,-12976952.762814457,-1,12976952.762814457,15019548.155222414,1,15019548.155222414,-1353543.0666152523,-1,1353543.0666152523,-15657378.187701654,-1,15657378.187701654,-15657378.187701654,-1,15657378.187701654,-0.005192666944128236
12202,2022-12-18 03:59:47,benddao,Ethereum,367703192.0997,-933541.6682302704,1,37998377.08384941,1,37998377.08384941,-933541.6682302704,-1,933541.6682302704,25017946.069429293,1,25017946.069429293,45702164.624594204,1,45702164.624594204,15118547.63989157,1,15118547.63989157,37998377.08384941,1,37998377.08384941,37998377.08384941,1,37998377.08384941,-0.2538845700249313
12217,2022-12-18 03:59:47,insurace,Ethereum,20511708.6515,0.0,1,-7997968.819386953,-1,7997968.819386953,0.0,1,0.0,-83276.35910664688,-1,83276.35910664688,-51395.07764812008,-1,51395.07764812008,-8001402.639731711,-1,8001402.639731711,-7997968.819386953,-1,7997968.819386953,-7997968.819386953,-1,7997968.819386953,0.0
12203,2022-12-18 03:59:47,bifi,Ethereum,12035819.206549998,0.0,1,-3426658.2492842297,-1,3426658.2492842297,0.0,1,0.0,-382400.6748091425,-1,382400.6748091425,-403368.7866127406,-1,403368.7866127406,-3706298.234522159,-1,3706298.234522159,-3426658.2492842297,-1,3426658.2492842297,-3426658.2492842297,-1,3426658.2492842297,0.0
12206,2022-12-18 03:59:47,concentrator,Ethereum,233429447.1713,24961.442484796975,1,-98956999.7569393,-1,98956999.7569393,24961.442484796975,1,24961.442484796975,549536.6143040949,1,549536.6143040949,-12130219.816091914,-1,12130219.816091914,-92589337.35998304,-1,92589337.35998304,-98956999.7569393,-1,98956999.7569393,-98956999.7569393,-1,98956999.7569393,0.010693356295565937
12207,2022-12-18 03:59:47,curve,Ethereum,16906806120.2832,6115828.860179916,1,-5489454995.164034,-1,5489454995.164034,6115828.860179916,1,6115828.860179916,114889765.0891263,1,114889765.0891263,-293636779.1686363,-1,293636779.1686363,-6433877162.411311,-1,6433877162.411311,-5489454995.164034,-1,5489454995.164034,-5489454995.164034,-1,5489454995.164034,0.036173768224873164
12208,2022-12-18 03:59:47,defi-franc,Ethereum,82401035.21085,0.0,1,-32844949.995526507,-1,32844949.995526507,0.0,1,0.0,-4875269.393390057,-1,4875269.393390057,3195856.5752908518,1,3195856.5752908518,-32844949.995526507,-1,32844949.995526507,-32844949.995526507,-1,32844949.995526507,-32844949.995526507,-1,32844949.995526507,0.0
12209,2022-12-18 03:59:47,defisaver,Ethereum,485686070.82500005,443017.72220003605,1,-72323249.08463807,-1,72323249.08463807,443017.72220003605,1,443017.72220003605,-68383370.39334342,-1,68383370.39334342,-30380966.14558571,-1,30380966.14558571,-76702028.07039373,-1,76702028.07039373,-72323249.08463807,-1,72323249.08463807,-72323249.08463807,-1,72323249.08463807,0.0912148296630195
12210,2022-12-18 03:59:47,euler,Ethereum,747258546.424,1554939.3006089875,1,-354890745.30700034,-1,354890745.30700034,1554939.3006089875,1,1554939.3006089875,-32809558.618658546,-1,32809558.618658546,145735911.10507384,1,145735911.10507384,-407647002.7811221,-1,407647002.7811221,-354890745.30700034,-1,354890745.30700034,-354890745.30700034,-1,354890745.30700034,0.2080858503459261
12211,2022-12-18 03:59:47,frax-swap,Ethereum,246128130.7295,-2493.163430564083,1,237721641.3656727,1,237721641.3656727,-2493.163430564083,-1,2493.163430564083,76570.59363993522,1,76570.59363993522,-34179073.00242805,-1,34179073.00242805,237721641.3656727,1,237721641.3656727,237721641.3656727,1,237721641.3656727,237721641.3656727,1,237721641.3656727,-0.0010129534658125372
12212,2022-12-18 03:59:47,fraxlend,Ethereum,367472934.7908,0.0,1,406347184.8455057,1,406347184.8455057,0.0,1,0.0,-40943841.33200238,-1,40943841.33200238,279343262.06840014,1,279343262.06840014,405786444.5440191,1,405786444.5440191,406347184.8455057,1,406347184.8455057,406347184.8455057,1,406347184.8455057,0.0
12213,2022-12-18 03:59:47,gearbox,Ethereum,587579137.28695,-11973338.400943022,1,575949898.8165332,1,575949898.8165332,-11973338.400943022,-1,11973338.400943022,36856246.08322315,1,36856246.08322315,96918546.21819974,1,96918546.21819974,575786914.3307219,1,575786914.3307219,575949898.8165332,1,575949898.8165332,575949898.8165332,1,575949898.8165332,-2.0377405597189755
12214,2022-12-18 03:59:47,homora-v2,Ethereum,143345005.31465,-608351.5998505038,1,47356192.34905654,1,47356192.34905654,-608351.5998505038,-1,608351.5998505038,3202407.7204430997,1,3202407.7204430997,2766234.7889358164,1,2766234.7889358164,28639350.79979454,1,28639350.79979454,47356192.34905654,1,47356192.34905654,47356192.34905654,1,47356192.34905654,-0.424396789072029
12215,2022-12-18 03:59:47,hundred-finance,Ethereum,539.81655,0.0,1,60.86644999999986,1,60.86644999999986,0.0,1,0.0,0.0,1,0.0,0.0,1,0.0,60.86644999999986,1,60.86644999999986,60.86644999999986,1,60.86644999999986,60.86644999999986,1,60.86644999999986,0.0
12205,2022-12-18 03:59:47,coinwind,Ethereum,82829792.52735,0.0,1,0.0,1,0.0,0.0,1,0.0,0.0,1,0.0,0.0,1,0.0,0.0,1,0.0,0.0,1,0.0,0.0,1,0.0,0.0
12242,2022-12-18 03:59:47,wbtc,Ethereum,15528772665.130999,0.0,1,-5336599782.843511,-1,5336599782.843511,0.0,1,0.0,-1229597598.7942398,-1,1229597598.7942398,-4202466430.5723305,-1,4202466430.5723305,-5336599782.843511,-1,5336599782.843511,-5336599782.843511,-1,5336599782.843511,-5336599782.843511,-1,5336599782.843511,0.0
